KYEACNNYFNZCST-UHFFFAOYSA-N,0.030723179999999999,-0.036450360000000001
XJCVRTZCHMZPBD-UHFFFAOYSA-N,0.036737520000000003,-0.056991569999999998
HVCFCNAITDHQFX-UHFFFAOYSA-N,0.016633829999999999,-0.039674859999999999
ZWAJLVLEBYIOTI-OLQVQODUSA-N,0.01390283,-0.036803330000000002
PAYRUJLWNCNPSJ-UHFFFAOYSA-N,0.021062060000000001,-0.039189469999999997
SKMUIZHHMAPKIV-UHFFFAOYSA-N,0.014560439999999999,-0.040481299999999998
ILVXOBCQQYKLDS-UHFFFAOYSA-N,0.024208190000000001,-0.053767339999999997
MVUMJYQUKKUOHO-AATRIKPKSA-N,0.027429490000000001,-0.052515630000000001
YSTPAHQEHQSRJD-VIFPVBQESA-N,0.01355904,-0.040420379999999999
QMKKJBRRKIKWFK-UHFFFAOYSA-N,0.030449940000000002,-0.047707529999999998
OUMGIYIBWRLOAF-UHFFFAOYSA-N,0.016824189999999999,-0.02991214
XIFJZJPMHNUGRA-UHFFFAOYSA-N,0.037507260000000001,-0.058460760000000001
VJXRKZJMGVSXPX-UHFFFAOYSA-N,0.014908630000000001,-0.039202340000000002
ISWSIDIOOBJBQZ-UHFFFAOYSA-N,0.033298420000000002,-0.027353639999999999
LHNPDXSWOZFOAO-UHFFFAOYSA-N,0.0645955,-0.0161472
FKNQCJSGGFJEIZ-UHFFFAOYSA-N,0.01519649,-0.039515450000000001
RTZZCYNQPHTPPL-UHFFFAOYSA-N,0.048086959999999998,-0.055970909999999999
PYEHNKXDXBNHQQ-UHFFFAOYSA-N,0.028644510000000001,-0.044348659999999998
NXXYKOUNUYWIHA-UHFFFAOYSA-N,0.029999580000000001,-0.027218760000000002
LDDOSDVZPSGLFZ-UHFFFAOYSA-N,0.01572517,-0.044585380000000001
UQFQONCQIQEYPJ-UHFFFAOYSA-N,0.025944149999999999,-0.037541320000000003
JTPZTKBRUCILQD-UHFFFAOYSA-N,0.026192489999999999,-0.047976209999999998
YVXHZKKCZYLQOP-UHFFFAOYSA-N,0.026401569999999999,-0.026371780000000001
SQNZJJAZBFDUTD-UHFFFAOYSA-N,0.010182,-0.019768609999999999
LFSXCDWNBUNEEM-UHFFFAOYSA-N,0.025977299999999998,-0.048739490000000003
BAYGVMXZJBFEMB-UHFFFAOYSA-N,0.04912118,-0.028858169999999999
YVBMXGVGOLXFFS-UHFFFAOYSA-N,0.021167439999999999,-0.043099850000000002
MBLHLTGHXCTWAO-UHFFFAOYSA-N,0.032771509999999997,-0.054828290000000002
VAJCYQHLYBTSHG-UHFFFAOYSA-N,0.016255189999999999,-0.050024760000000001
XTGOWLIKIQLYRG-UHFFFAOYSA-N,0.034180639999999998,-0.02005463
LSCYTCMNCWMCQE-UHFFFAOYSA-N,0.027258830000000001,-0.041421489999999998
JACMPVXHEARCBO-UHFFFAOYSA-N,0.01338778,-0.03871521
REYJJPSVUYRZGE-UHFFFAOYSA-N,0.0194872,-0.017628390000000001
JNELGWHKGNBSMD-UHFFFAOYSA-N,0.018444539999999999,-0.039623029999999997
LSXWFXONGKSEMY-UHFFFAOYSA-N,0.0092345759999999995,-0.033824699999999999
WTKZEGDFNFYCGP-UHFFFAOYSA-N,0.038406099999999999,-0.035731930000000002
ZWEHNKRNPOVVGH-UHFFFAOYSA-N,0.01943692,-0.039308910000000002
HXQHRUJXQJEGER-UHFFFAOYSA-N,0.025535639999999998,-0.040326720000000003
QGZKDVFQNNGYKY-UHFFFAOYSA-N,0.017541890000000001,-0.03779565
CELKOWQJPVJKIL-UHFFFAOYSA-N,0.02224493,-0.031712730000000001
HJOVHMDZYOCNQW-UHFFFAOYSA-N,0.01394336,-0.041043540000000003
MHDVGSVTJDSBDK-UHFFFAOYSA-N,0.010655410000000001,-0.051279379999999999
DXYPGMZJNUIZMU-UHFFFAOYSA-N,0.02094178,-0.029909089999999999
OGRAOKJKVGDSFR-UHFFFAOYSA-N,0.031842820000000001,-0.024250379999999998
QJUBWCXHSCFIHV-UHFFFAOYSA-N,0.035611259999999999,-0.040786509999999998
PFCHFHIRKBAQGU-UHFFFAOYSA-N,0.017259030000000002,-0.037822769999999999
WURBFLDFSFBTLW-UHFFFAOYSA-N,0.019047640000000001,-0.038871700000000002
PAFZNILMFXTMIY-UHFFFAOYSA-N,0.01426646,-0.039715350000000003
GGDYAKVUZMZKRV-UHFFFAOYSA-N,0.031909,-0.03237831
SKBBQSLSGRSQAJ-UHFFFAOYSA-N,0.02404707,-0.035251959999999999
IWDCLRJOBJJRNH-UHFFFAOYSA-N,0.033598969999999999,-0.026714120000000001
CSCPPACGZOOCGX-UHFFFAOYSA-N,0.020571570000000001,-0.039209969999999997
KXKVLQRXCPHEJC-UHFFFAOYSA-N,0.01592176,-0.043094420000000001
IMFACGCPASFAPR-UHFFFAOYSA-N,0.0048636959999999998,-0.032124550000000002
YLQBMQCUIZJEEH-UHFFFAOYSA-N,0.019909630000000001,-0.02972911
HFZKOYWDLDYELC-UHFFFAOYSA-N,0.027643750000000002,-0.05998821
ASHGTJPOSUFTGB-UHFFFAOYSA-N,0.030896469999999999,-0.026742160000000001
RIFKADJTWUGDOV-UHFFFAOYSA-N,0.015872799999999999,-0.03895125
GSCLMSFRWBPUSK-VKHMYHEASA-N,0.025307730000000001,-0.043124290000000003
LCZUOKDVTBMCMX-UHFFFAOYSA-N,0.019963789999999999,-0.032789749999999999
XLYOFNOQVPJJNP-UHFFFAOYSA-N,0.030280789999999998,-0.037360549999999999
VVBLNCFGVYUYGU-UHFFFAOYSA-N,0.01848729,-0.041337980000000003
ASSKVPFEZFQQNQ-UHFFFAOYSA-N,0.038053990000000003,-0.04512306
HGCIXCUEYOPUTN-UHFFFAOYSA-N,0.0067568389999999997,-0.013394130000000001
IQZZFVDIZRWADY-UHFFFAOYSA-N,0.025979660000000002,-0.05117712
DMBHHRLKUKUOEG-UHFFFAOYSA-N,0.019589349999999998,-0.037524050000000003
YCOXTKKNXUZSKD-UHFFFAOYSA-N,0.031846779999999998,-0.026586909999999998
VSYFZULSKMFUJJ-UHFFFAOYSA-N,0.017250499999999998,-0.046574890000000001
RWRDLPDLKQPQOW-UHFFFAOYSA-N,0.014211990000000001,-0.040830449999999997
PAMJENUKCYUKLC-UHFFFAOYSA-N,0.025784680000000001,-0.053378889999999998
XULIXFLCVXWHRF-UHFFFAOYSA-N,0.0060886589999999997,-0.033012399999999997
QZVQQUVWFIZUBQ-UHFFFAOYSA-N,0.02740853,-0.032414690000000003
AUHZEENZYGFFBQ-UHFFFAOYSA-N,0.01052427,-0.020191480000000001
WMYNMYVRWWCRPS-UHFFFAOYSA-N,0.027601669999999998,-0.03224556
RDOXTESZEPMUJZ-UHFFFAOYSA-N,0.015921270000000001,-0.028456720000000001
USIUVYZYUHIAEV-UHFFFAOYSA-N,0.012550499999999999,-0.030980580000000001
GPHQHTOMRSGBNZ-UHFFFAOYSA-N,0.02514156,-0.02912814
TUAMRELNJMMDMT-UHFFFAOYSA-N,0.032151520000000003,-0.027102069999999999
DKLYDESVXZKCFI-UHFFFAOYSA-N,0.01670174,-0.059651370000000002
RTJGTTXUCVCPIQ-UHFFFAOYSA-N,0.042878449999999999,-0.064605940000000001
KFZMGEQAYNKOFK-UHFFFAOYSA-N,0.024384079999999999,-0.035332950000000002
VHYFNPMBLIVWCW-UHFFFAOYSA-N,0.01903703,-0.044635630000000003
CYFPVACSJLXVCA-UHFFFAOYSA-N,0.02990379,-0.039714199999999998
XRGPFNGLRSIPSA-UHFFFAOYSA-N,0.03651691,-0.04077633
FJKIXWOMBXYWOQ-UHFFFAOYSA-N,0.01662665,-0.034098919999999998
FHUDAMLDXFJHJE-UHFFFAOYSA-N,0.034726609999999998,-0.026818000000000002
GBCKRQRXNXQQPW-UHFFFAOYSA-N,0.0069643270000000002,-0.03937972
KZXAMWRVRHIWBN-UHFFFAOYSA-N,0.017208029999999999,-0.04359615
RNVCVTLRINQCPJ-UHFFFAOYSA-N,0.022466469999999999,-0.037299069999999997
HXDOZKJGKXYMEW-UHFFFAOYSA-N,0.033377629999999998,-0.02684655
PKZJLOCLABXVMC-UHFFFAOYSA-N,0.025042100000000001,-0.043343189999999997
QQZOPKMRPOGIEB-UHFFFAOYSA-N,0.01802492,-0.039193640000000002
BIPUHAHGLJKIPK-UHFFFAOYSA-N,0.01692082,-0.042017980000000003
GCUVJAHASMTIRG-UHFFFAOYSA-N,0.016555159999999999,-0.044134569999999998
JWVCLYRUEFBMGU-UHFFFAOYSA-N,0.02575179,-0.035104259999999998
CLWIJUQLAFJNOF-UHFFFAOYSA-N,0.015681649999999998,-0.044420630000000003
TZIHFWKZFHZASV-UHFFFAOYSA-N,0.030804700000000001,-0.041527509999999997
WMQUKDQWMMOHSA-UHFFFAOYSA-N,0.025817469999999999,-0.034693019999999998
ICKWICRCANNIBI-UHFFFAOYSA-N,0.034279379999999998,-0.028347529999999999
ABXGMGUHGLQMAW-UHFFFAOYSA-N,0.028007959999999998,-0.031035839999999999
ODAJDDMWMREWGL-UHFFFAOYSA-N,0.042617170000000003,-0.02349505
ZRLDBDZSLLGDOX-UHFFFAOYSA-N,0.01241129,-0.039284699999999999
RGUKYNXWOWSRET-UHFFFAOYSA-N,0.014228910000000001,-0.04535285
KYVIFDXEMABEDB-UHFFFAOYSA-N,0.018390110000000001,-0.046457739999999997
UMPRJGKLMUDRHL-UHFFFAOYSA-N,0.021496290000000001,-0.040859850000000003
HPXRVTGHNJAIIH-UHFFFAOYSA-N,0.02444379,-0.035931629999999999
FVSKHRXBFJPNKK-UHFFFAOYSA-N,0.020401229999999999,-0.028687810000000001
HXVNBWAKAOHACI-UHFFFAOYSA-N,0.014407949999999999,-0.038141960000000003
MFEIKQPHQINPRI-UHFFFAOYSA-N,0.01498497,-0.03857443
LMTGCJANOQOGPI-UHFFFAOYSA-N,0.017039800000000001,-0.047172289999999999
WVDDGKGOMKODPV-UHFFFAOYSA-N,0.02696016,-0.045103150000000002
WPYMKLBDIGXBTP-UHFFFAOYSA-N,0.02355119,-0.0438254
CODXZFSZJFCVBE-UHFFFAOYSA-N,0.025585239999999999,-0.02694452
JAMNHZBIQDNHMM-UHFFFAOYSA-N,0.019456979999999999,-0.02951813
DHXVGJBLRPWPCS-UHFFFAOYSA-N,0.008366231,-0.038601120000000003
ILBIXZPOMJFOJP-UHFFFAOYSA-N,0.027163050000000001,-0.046461629999999997
HQABUPZFAYXKJW-UHFFFAOYSA-N,0.01492287,-0.037125070000000003
NRKYWOKHZRQRJR-UHFFFAOYSA-N,0.050561580000000002,-0.027253779999999998
YXVFYQXJAXKLAK-UHFFFAOYSA-N,0.035277370000000002,-0.02769282
PRDFNJUWGIQQBW-UHFFFAOYSA-N,0.050462859999999998,-0.02452853
XFHVEEHRWSWVGA-UHFFFAOYSA-N,0.038838240000000003,-0.049813320000000001
JMVIVASFFKKFQK-UHFFFAOYSA-N,0.016508559999999999,-0.056459620000000002
WFDIJRYMOXRFFG-UHFFFAOYSA-N,0.020392,-0.051561290000000003
FKRCODPIKNYEAC-UHFFFAOYSA-N,0.0150644,-0.042355499999999997
BSKHPKMHTQYZBB-UHFFFAOYSA-N,0.016000179999999999,-0.038877759999999997
UMIPWJGWASORKV-UHFFFAOYSA-N,0.026212360000000001,-0.026875960000000001
UHOVQNZJYSORNB-UHFFFAOYSA-N,0.0099367250000000004,-0.019324129999999998
OOYRLFIIUVBZSY-UHFFFAOYSA-N,0.01836316,-0.048058589999999998
QKZRSIWEFMDUIL-UHFFFAOYSA-N,0.01322624,-0.048125859999999999
QANVSPFERJBPTO-UHFFFAOYSA-N,0.015671049999999999,-0.043811070000000001
JKTCBAGSMQIFNL-UHFFFAOYSA-N,0.019587210000000001,-0.0311706
ZWXPDGCFMMFNRW-UHFFFAOYSA-N,0.016054269999999999,-0.04928515
ROSDSFDQCJNGOL-UHFFFAOYSA-N,0.01520435,-0.038023510000000003
QUSNBJAOOMFDIB-UHFFFAOYSA-N,0.015475829999999999,-0.037204510000000003
DPJCXCZTLWNFOH-UHFFFAOYSA-N,0.037173070000000002,-0.05566948
KJCVRFUGPWSIIH-UHFFFAOYSA-N,0.033679340000000002,-0.025116220000000002
DSSYKIVIOFKYAU-XCBNKYQSSA-N,0.01247734,-0.038823150000000001
RFFFKMOABOFIDF-UHFFFAOYSA-N,0.020252590000000001,-0.02835437
NCBZRJODKRCREW-UHFFFAOYSA-N,0.02216183,-0.03812923
BDERNNFJNOPAEC-UHFFFAOYSA-N,0.0249786,-0.033318430000000003
HPMLGNIUXVXALD-UHFFFAOYSA-N,0.023736239999999999,-0.042367990000000001
RAXXELZNTBOGNW-UHFFFAOYSA-N,0.039915520000000003,-0.047206860000000003
XZMCDFZZKTWFGF-UHFFFAOYSA-N,0.039080240000000002,-0.027043319999999999
OYRRZWATULMEPF-UHFFFAOYSA-N,0.030538079999999999,-0.03786486
SHQSVMDWKBRBGB-UHFFFAOYSA-N,0.020001339999999999,-0.037154760000000002
NHEUXRXASLPKGO-UHFFFAOYSA-N,0.03906776,-0.046972649999999998
SMNMEJQTBGWHLI-UHFFFAOYSA-N,0.016970699999999998,-0.037438350000000002
VCHOFVSNWYPAEF-UHFFFAOYSA-N,0.02948537,-0.035542310000000001
XDJAAZYHCCRJOK-UHFFFAOYSA-N,0.024446240000000001,-0.0309661
WHTDCOSHHMXZNE-UHFFFAOYSA-N,0.015802259999999999,-0.040685619999999999
FFNVQNRYTPFDDP-UHFFFAOYSA-N,0.025732399999999999,-0.037293779999999999
PZIMIYVOZBTARW-UHFFFAOYSA-N,0.01447593,-0.058145000000000002
SAPQIENQEZURNZ-UHFFFAOYSA-N,0.039006520000000003,-0.027536089999999999
LZDKZFUFMNSQCJ-UHFFFAOYSA-N,0.0075530629999999996,-0.030910130000000001
CTQNGGLPUBDAKN-UHFFFAOYSA-N,0.010445339999999999,-0.01998219
OCGXPFSUJVHRHA-UHFFFAOYSA-N,0.020400390000000001,-0.049754600000000003
YFTHZRPMJXBUME-UHFFFAOYSA-N,0.0060514280000000002,-0.037972020000000002
DZBUGLKDJFMEHC-UHFFFAOYSA-N,0.018967700000000001,-0.034429099999999997
PPWNCLVNXGCGAF-UHFFFAOYSA-N,0.025775200000000002,-0.026774909999999999
CZPWVGJYEJSRLH-UHFFFAOYSA-N,0.021402460000000002,-0.03510808
JBTWLSYIZRCDFO-UHFFFAOYSA-N,0.017724319999999998,-0.043650460000000002
YOJAHJGBFDPSDI-UHFFFAOYSA-N,0.033833509999999997,-0.052748759999999999
BAVYZALUXZFZLV-UHFFFAOYSA-N,0.01595446,-0.038607570000000001
SHOJXDKTYKFBRD-UHFFFAOYSA-N,0.016914149999999999,-0.040693769999999997
WJYIASZWHGOTOU-UHFFFAOYSA-N,0.01484273,-0.037053999999999997
RIKMMFOAQPJVMX-UHFFFAOYSA-N,0.040039209999999999,-0.033543320000000001
QJQAMHYHNCADNR-UHFFFAOYSA-N,0.033004319999999997,-0.04677398
XACSJLKCXDEIPX-UHFFFAOYSA-N,0.03360051,-0.046541840000000001
VYHBFRJRBHMIQZ-UHFFFAOYSA-N,0.021678200000000002,-0.035164250000000001
ZAFNJMIOTHYJRJ-UHFFFAOYSA-N,0.0074726549999999999,-0.03579769
SJNALLRHIVGIBI-UHFFFAOYSA-N,0.02084459,-0.029216389999999998
PYOKUURKVVELLB-UHFFFAOYSA-N,0.019515910000000001,-0.055360399999999997
STSCVKRWJPWALQ-UHFFFAOYSA-N,0.031895350000000003,-0.025583829999999998
JWVNPUBYKCSIKR-UHFFFAOYSA-N,0.022605779999999999,-0.037549310000000002
ARKIFHPFTHVKDT-UHFFFAOYSA-N,0.030439460000000002,-0.054202849999999997
MYOHNZJKOAODMX-UHFFFAOYSA-N,0.016396230000000001,-0.053444930000000002
WNXJIVFYUVYPPR-UHFFFAOYSA-N,0.020310910000000001,-0.032720180000000001
QPJVMBTYPHYUOC-UHFFFAOYSA-N,0.01811422,-0.044289469999999997
BXRFQSNOROATLV-UHFFFAOYSA-N,0.038876969999999997,-0.049999759999999997
LYGJENNIWJXYER-UHFFFAOYSA-N,0.042863650000000003,-0.054038200000000002
XBNGYFFABRKICK-UHFFFAOYSA-N,0.042000129999999997,-0.01920734
UQXAGNCUOPPUJH-UHFFFAOYSA-N,0.042061469999999997,-0.047626979999999999
PIICEJLVQHRZGT-UHFFFAOYSA-N,0.01613757,-0.038637650000000003
DSWNRHCOGVRDOE-ONEGZZNKSA-N,0.021333970000000001,-0.043593890000000003
YNBADRVTZLEFNH-UHFFFAOYSA-N,0.02321635,-0.040551360000000002
WGQKYBSKWIADBV-UHFFFAOYSA-N,0.018455269999999999,-0.03884866
XSJJNRDFIMCZRS-UHFFFAOYSA-N,0.01595709,-0.057854889999999999
SDXAWLJRERMRKF-UHFFFAOYSA-N,0.038417159999999999,-0.037235190000000001
DGVORXWMCNREFA-UHFFFAOYSA-N,0.025487309999999999,-0.036990179999999998
NODGRWCMFMEGJH-UHFFFAOYSA-N,0.02003183,-0.040279710000000003
FGLBSLMDCBOPQK-UHFFFAOYSA-N,0.039872520000000002,-0.053047700000000003
BUFHMXOHXTZRDH-UHFFFAOYSA-N,0.016514009999999999,-0.047764639999999997
JWUJQDFVADABEY-RXMQYKEDSA-N,0.0087475890000000001,-0.038896519999999997
SXVPOSFURRDKBO-UHFFFAOYSA-N,0.016626189999999999,-0.037543109999999998
VJNGGOMRUHYAMC-UHFFFAOYSA-N,0.031747709999999998,-0.030146070000000001
VFTFKUDGYRBSAL-UHFFFAOYSA-N,0.01324357,-0.039186029999999997
GETQZCLCWQTVFV-UHFFFAOYSA-N,0.0047265450000000004,-0.037388070000000002
UIHCLUNTQKBZGK-YFKPBYRVSA-N,0.016192020000000001,-0.038331589999999999
NBBJYMSMWIIQGU-UHFFFAOYSA-N,0.02454506,-0.037768389999999999
JEDHEXUPBRMUMB-UHFFFAOYSA-N,0.018147369999999999,-0.041721220000000003
PPBRXRYQALVLMV-UHFFFAOYSA-N,0.01280077,-0.022918790000000001
IOQPZZOEVPZRBK-UHFFFAOYSA-N,0.01487773,-0.037299989999999998
BGNGWHSBYQYVRX-UHFFFAOYSA-N,0.021431240000000001,-0.044570650000000003
XWEFKJNJSVXMOD-UHFFFAOYSA-N,0.01793523,-0.035798089999999998
AVQQQNCBBIEMEU-UHFFFAOYSA-N,0.01179037,-0.046692320000000002
NCYVXEGFNDZQCU-UHFFFAOYSA-N,0.021805459999999999,-0.047743550000000003
ZVWHURINXJWEER-UHFFFAOYSA-N,0.0099300459999999997,-0.04341424
RLVGHTRVYWUWSH-UHFFFAOYSA-N,0.011143989999999999,-0.039515580000000002
HMNKTRSOROOSPP-UHFFFAOYSA-N,0.031118980000000001,-0.02710369
FTAHXMZRJCZXDL-UHFFFAOYSA-N,0.013457749999999999,-0.041614119999999998
GEOWCLRLLWTHDN-UHFFFAOYSA-N,0.032810680000000002,-0.037275490000000001
QKPVEISEHYYHRH-UHFFFAOYSA-N,0.029259050000000002,-0.032337249999999998
KIDHWZJUCRJVML-UHFFFAOYSA-N,0.01514538,-0.036970080000000002
HCJXEOFLVIFFDG-UHFFFAOYSA-N,0.018689580000000001,-0.049608380000000001
ZCQWOFVYLHDMMC-UHFFFAOYSA-N,0.029704660000000001,-0.039654799999999997
MBHINSULENHCMF-UHFFFAOYSA-N,0.018180760000000001,-0.046113410000000001
VCYZVXRKYPKDQB-UHFFFAOYSA-N,0.025064159999999999,-0.036928490000000001
AVFZOVWCLRSYKC-UHFFFAOYSA-N,0.0056287000000000004,-0.039024620000000003
BTANRVKWQNVYAZ-SCSAIBSYSA-N,0.024386100000000001,-0.034988289999999998
GOOHAUXETOMSMM-VKHMYHEASA-N,0.01413411,-0.037060509999999998
JIRGTCBOQAJBHY-UHFFFAOYSA-N,0.015577179999999999,-0.057196619999999997
MKGAYPNWSNNENI-UHFFFAOYSA-N,0.022187060000000002,-0.036961430000000003
NUOGEPIJFRZXIN-UHFFFAOYSA-N,0.021205479999999999,-0.045202859999999997
DURPTKYDGMDSBL-UHFFFAOYSA-N,0.0051316039999999997,-0.036553339999999997
LYDRKKWPKKEMNZ-UHFFFAOYSA-N,0.01700277,-0.043767380000000002
KWOLFJPFCHCOCG-UHFFFAOYSA-N,0.019524779999999999,-0.040304909999999999
QFHAGCRNENPASY-GQCTYLIASA-N,0.038357210000000003,-0.037542730000000003
UIQGEWJEWJMQSL-UHFFFAOYSA-N,0.01323947,-0.039778979999999999
YXFVVABEGXRONW-UHFFFAOYSA-N,0.01016657,-0.019425339999999999
HCEKGPAHZCYRBZ-UHFFFAOYSA-N,0.020719910000000001,-0.03522335
CUYKNJBYIJFRCU-UHFFFAOYSA-N,0.026827279999999998,-0.038614679999999998
WFJSIIHYYLHRHB-UHFFFAOYSA-N,0.025322339999999999,-0.031985560000000003
MTPBUCCXRGSDCR-UHFFFAOYSA-N,0.01475159,-0.039789150000000002
XTHFKEDIFFGKHM-UHFFFAOYSA-N,0.0088195010000000004,-0.031079559999999999
WEHWNAOGRSTTBQ-UHFFFAOYSA-N,0.013715140000000001,-0.037927280000000001
SYBYTAAJFKOIEJ-UHFFFAOYSA-N,0.01890878,-0.03851048
VLFTYFLZHORIBC-UHFFFAOYSA-N,0.06007726,-0.029456090000000001
FRGXNJWEDDQLFH-UHFFFAOYSA-N,0.016480829999999998,-0.039059049999999998
DULCUDSUACXJJC-UHFFFAOYSA-N,0.015199570000000001,-0.044390199999999998
PKAHQJNJPDVTDP-UHFFFAOYSA-N,0.01514567,-0.043837710000000002
PGJYYCIOYBZTPU-UHFFFAOYSA-N,0.04308298,-0.02044458
BHTSNYQWLQLLOD-WUQLGEGHSA-N,0.01058137,-0.040620589999999998
JMMWKPVZQRWMSS-UHFFFAOYSA-N,0.014848129999999999,-0.043801819999999998
UKROGNGFIXLRHI-UHFFFAOYSA-N,0.015611170000000001,-0.057481890000000001
OLJVAWRLTPGYQL-DTJXOCLSSA-N,0.035108399999999998,-0.025001039999999999
VJPAMLCBTIWAHI-UHFFFAOYSA-N,0.022143059999999999,-0.044033999999999997
LYCAIKOWRPUZTN-UHFFFAOYSA-N,0.027275870000000001,-0.031730010000000003
KZNICNPSHKQLFF-UHFFFAOYSA-N,0.03235176,-0.036008409999999998
PHWSCBWNPZDYRI-UHFFFAOYSA-N,0.030796469999999999,-0.051617999999999997
HUVAAOZUPLEYBH-UHFFFAOYSA-N,0.038893320000000002,-0.037998450000000003
VAYTZRYEBVHVLE-UHFFFAOYSA-N,0.038546169999999998,-0.040162129999999997
OBNCKNCVKJNDBV-UHFFFAOYSA-N,0.01513521,-0.044537060000000003
MTZQAGJQAFMTAQ-UHFFFAOYSA-N,0.01763907,-0.045308019999999997
URLKBWYHVLBVBO-UHFFFAOYSA-N,0.01017273,-0.019595129999999999
AFBPFSWMIHJQDM-UHFFFAOYSA-N,0.01910044,-0.039007960000000001
AEKVBBNGWBBYLL-UHFFFAOYSA-N,0.025080939999999999,-0.025191959999999999
CTAPFRYPJLPFDF-UHFFFAOYSA-N,0.02960782,-0.036443280000000002
MCROFHCOHPROAE-UHFFFAOYSA-N,0.04358161,-0.044677670000000003
WGYKZJWCGVVSQN-UHFFFAOYSA-N,0.014959709999999999,-0.03745652
JQVDAXLFBXTEQA-UHFFFAOYSA-N,0.01360252,-0.038311310000000001
SRPCLECGIYMIMN-CSKARUKUSA-N,0.023129170000000001,-0.046139600000000003
VHBFFQKBGNRLFZ-UHFFFAOYSA-N,0.01840226,-0.044499289999999997
OAGOUCJGXNLJNL-UHFFFAOYSA-N,0.02381751,-0.031502080000000002
YKYONYBAUNKHLG-UHFFFAOYSA-N,0.01510732,-0.044084749999999999
XSAYZAUNJMRRIR-UHFFFAOYSA-N,0.0184847,-0.040253520000000001
NTDQQZYCCIDJRK-UHFFFAOYSA-N,0.034418369999999997,-0.028694890000000001
ZUOUZKKEUPVFJK-UHFFFAOYSA-N,0.011028700000000001,-0.029929799999999999
SYMPSOJKDIMXKZ-UHFFFAOYSA-N,0.017187009999999999,-0.05698164
WYURNTSHIVDZCO-UHFFFAOYSA-N,0.0093002429999999997,-0.039477900000000003
KRZCOLNOCZKSDF-UHFFFAOYSA-N,0.027020780000000001,-0.032347019999999997
DQWXPGSGBJVHPN-UHFFFAOYSA-N,0.057978490000000001,-0.032798099999999997
UWHSPZZUAYSGTB-UHFFFAOYSA-N,0.0140611,-0.047204900000000001
FMVJYQGSRWVMQV-UHFFFAOYSA-N,0.039396920000000002,-0.042851420000000001
RYMBAPVTUHZCNF-UHFFFAOYSA-N,0.02535975,-0.039139739999999999
FVLAYJRLBLHIPV-UHFFFAOYSA-N,0.03273471,-0.035078369999999998
MIHJCLQINRFOLX-UHFFFAOYSA-N,0.058275,-0.049685670000000001
WBJINCZRORDGAQ-UHFFFAOYSA-N,0.030140199999999999,-0.041379449999999998
JBIJLHTVPXGSAM-UHFFFAOYSA-N,0.02288198,-0.038241949999999997
YKOQQFDCCBKROY-UHFFFAOYSA-N,0.017462120000000001,-0.047364990000000003
JJWLVOIRVHMVIS-UHFFFAOYSA-N,0.014040499999999999,-0.03774023
KIPSRYDSZQRPEA-UHFFFAOYSA-N,0.030918879999999999,-0.025448910000000002
PDLCCNYKIIUWHA-UHFFFAOYSA-N,0.019886129999999998,-0.040233600000000001
JSDBKAHWADVXFU-UHFFFAOYSA-N,0.04153511,-0.040841339999999997
SUDHEDJJFGYYPL-UHFFFAOYSA-N,0.014589130000000001,-0.049136020000000002
NRGGMCIBEHEAIL-UHFFFAOYSA-N,0.016066250000000001,-0.040368729999999999
KPSSIOMAKSHJJG-UHFFFAOYSA-N,0.025241530000000002,-0.03141
SNICXCGAKADSCV-JTQLQIEISA-N,0.015935020000000001,-0.039508059999999998
UUIMDJFBHNDZOW-UHFFFAOYSA-N,0.016331559999999998,-0.038432769999999998
BMVXCPBXGZKUPN-UHFFFAOYSA-N,0.01484209,-0.037315260000000003
YZERDTREOUSUHF-UHFFFAOYSA-N,0.039064050000000003,-0.029362360000000001
YXTROGRGRSPWKL-UHFFFAOYSA-N,0.016438609999999999,-0.050443740000000001
XNLICIUVMPYHGG-UHFFFAOYSA-N,0.017794299999999999,-0.0394177
POLCUAVZOMRGSN-UHFFFAOYSA-N,0.0060480480000000003,-0.036995750000000001
BNWQEHYYXTVKOF-UHFFFAOYSA-N,0.032458830000000001,-0.044206280000000001
HNJBEVLQSNELDL-UHFFFAOYSA-N,0.022033270000000001,-0.046494609999999999
FJLUATLTXUNBOT-UHFFFAOYSA-N,0.025324820000000001,-0.014830029999999999
AHHWIHXENZJRFG-UHFFFAOYSA-N,0.01153764,-0.038804060000000001
RWEQEWKAJFTONV-UHFFFAOYSA-N,0.042147419999999998,-0.02252291
BYEAHWXPCBROCE-UHFFFAOYSA-N,0.044158459999999997,-0.017253660000000001
NOFXHGGTQGRTTJ-UHFFFAOYSA-N,0.029142049999999999,-0.040760440000000002
RGWHHWWMFUXNAX-ICWSVDNISA-N,0.029950890000000001,-0.03004892
YKUCHDXIBAQWSF-UHFFFAOYSA-N,0.036857769999999998,-0.042927809999999997
UAOMVDZJSHZZME-UHFFFAOYSA-N,0.01353617,-0.038529260000000003
SEEYREPSKCQBBF-UHFFFAOYSA-N,0.02933293,-0.03335482
RWCCWEUUXYIKHB-UHFFFAOYSA-N,0.017788410000000001,-0.041945669999999997
SMBLCBJIVZBEPF-PEZBUJJGSA-N,0.02257085,-0.044077570000000003
ODSXJQYJADZFJX-UHFFFAOYSA-N,0.05381557,-0.02110194
DVVGIUUJYPYENY-UHFFFAOYSA-N,0.029411690000000001,-0.048193769999999997
MESJRHHDBDCQTH-UHFFFAOYSA-N,0.030285039999999999,-0.030335069999999999
JWAZRIHNYRIHIV-UHFFFAOYSA-N,0.033245160000000003,-0.02781991
PAPBSGBWRJIAAV-UHFFFAOYSA-N,0.025260950000000001,-0.059052130000000001
XXBDWLFCJWSEKW-UHFFFAOYSA-N,0.0104227,-0.033715740000000001
IWTFOFMTUOBLHG-UHFFFAOYSA-N,0.01597239,-0.032694800000000003
RHLIPLVNXYUJQV-UHFFFAOYSA-N,0.015977269999999998,-0.058807850000000002
HUMNYLRZRPPJDN-UHFFFAOYSA-N,0.02127093,-0.039726839999999999
ZSIAUFGUXNUGDI-UHFFFAOYSA-N,0.02457291,-0.036339690000000001
RXYPXQSKLGGKOL-UHFFFAOYSA-N,0.007331873,-0.036130580000000002
PSXLJUKMMIHADB-UHFFFAOYSA-N,0.039180479999999997,-0.0436485
CFPIZMWTMRWZRO-UHFFFAOYSA-N,0.024198730000000002,-0.050121359999999997
SIKJAQJRHWYJAI-UHFFFAOYSA-N,0.035242330000000002,-0.038489910000000002
ODKLEQPZOCJQMT-UHFFFAOYSA-N,0.014211420000000001,-0.039675080000000001
MTAODLNXWYIKSO-UHFFFAOYSA-N,0.023761870000000001,-0.043767229999999997
UJOBWOGCFQCDNV-UHFFFAOYSA-N,0.034743679999999999,-0.034486780000000002
QRPMWVNREKTPOV-UHFFFAOYSA-N,0.012104190000000001,-0.02503704
NVJUHMXYKCUMQA-UHFFFAOYSA-N,0.0065715060000000004,-0.035514770000000001
WMFABESKCHGSRC-UHFFFAOYSA-N,0.025411079999999999,-0.038402190000000003
PSHKMPUSSFXUIA-UHFFFAOYSA-N,0.015208299999999999,-0.038054350000000001
JITPLZPWKYUTDM-UHFFFAOYSA-N,0.035094279999999999,-0.043369350000000001
UMFJAHHVKNCGLG-UHFFFAOYSA-N,0.019186539999999998,-0.035700040000000002
CSJAXRKDCCWCSJ-UHFFFAOYSA-N,0.033642110000000003,-0.049337010000000001
CGZZMOTZOONQIA-UHFFFAOYSA-N,0.017716590000000001,-0.040581680000000002
WZJYKHNJTSNBHV-UHFFFAOYSA-N,0.01879455,-0.03010063
LRHPLDYGYMQRHN-UHFFFAOYSA-N,0.02439492,-0.036128979999999998
YUWFEBAXEOLKSG-UHFFFAOYSA-N,0.003989879,-0.02134544
ZDPAWHACYDRYIW-UHFFFAOYSA-N,0.026046059999999999,-0.035701829999999997
FJDUDHYHRVPMJZ-UHFFFAOYSA-N,0.014731090000000001,-0.036875600000000001
XEKOWRVHYACXOJ-UHFFFAOYSA-N,0.015370389999999999,-0.04282627
XFRSYDKTYAUVAW-UHFFFAOYSA-N,0.019494770000000002,-0.05444744
GJRQTCIYDGXPES-UHFFFAOYSA-N,0.015903670000000002,-0.0439564
AUFIRGPROMANKW-UHFFFAOYSA-N,0.0093871679999999996,-0.038792680000000003
FSPSELPMWGWDRY-UHFFFAOYSA-N,0.019535340000000002,-0.039954690000000001
ZZTSQZQUWBFTAT-UHFFFAOYSA-N,0.02224247,-0.033342469999999999
HUDYANRNMZDQGA-UHFFFAOYSA-N,0.02045976,-0.044797320000000002
PTTPXKJBFFKCEK-UHFFFAOYSA-N,0.015660919999999998,-0.037930899999999997
VEZXCJBBBCKRPI-UHFFFAOYSA-N,0.02864684,-0.042316859999999998
KFDVPJUYSDEJTH-UHFFFAOYSA-N,0.020500939999999999,-0.039026690000000003
HCIBTBXNLVOFER-UHFFFAOYSA-N,0.018719489999999998,-0.041142070000000003
YNPNZTXNASCQKK-UHFFFAOYSA-N,0.015138189999999999,-0.02546868
JYMNQRQQBJIMCV-UHFFFAOYSA-N,0.022990460000000001,-0.034506130000000003
DTQVDTLACAAQTR-UHFFFAOYSA-N,0.046184839999999998,-0.023732199999999998
ZQWPRMPSCMSAJU-UHFFFAOYSA-N,0.013876090000000001,-0.043209780000000003
XFNJVJPLKCPIBV-UHFFFAOYSA-N,0.017420979999999999,-0.041241439999999997
ZOMKCDYJHAQMCU-UHFFFAOYSA-N,0.034056410000000002,-0.055124949999999999
WRMNZCZEMHIOCP-UHFFFAOYSA-N,0.025141699999999999,-0.034709120000000003
ZEFMBAFMCSYJOO-UHFFFAOYSA-N,0.058155400000000003,-0.047329870000000003
IEJIGPNLZYLLBP-UHFFFAOYSA-N,0.01922778,-0.042501530000000003
MARUHZGHZWCEQU-UHFFFAOYSA-N,0.046900869999999997,-0.033714050000000002
FZUGPQWGEGAKET-UHFFFAOYSA-N,0.01571084,-0.046104579999999999
CDQSTBHGKNNPSY-UHFFFAOYSA-N,0.018990199999999999,-0.047947209999999997
IDJCCRRYIMWLSQ-UHFFFAOYSA-N,0.016276349999999998,-0.056639839999999997
CYSGHNMQYZDMIA-UHFFFAOYSA-N,0.020952370000000001,-0.049064099999999999
ADSOSINJPNKUJK-UHFFFAOYSA-N,0.015713459999999999,-0.040424219999999997
SYEXGNJRYPOUSI-DNSLJTBWSA-N,0.011708349999999999,-0.045117259999999999
UBUCNCOMADRQHX-UHFFFAOYSA-N,0.016274759999999999,-0.042281640000000002
OQEINIBVOPRVOG-UHFFFAOYSA-N,0.019436470000000001,-0.041230009999999997
YSJKYAHYBFJVKV-UHFFFAOYSA-N,0.034912760000000001,-0.032270640000000003
GAZZTEJDUGESGQ-UHFFFAOYSA-N,0.040567760000000001,-0.0590643
FAXDZWQIWUSWJH-UHFFFAOYSA-N,0.013291030000000001,-0.037933769999999999
HAPOVYFOVVWLRS-SSDOTTSWSA-N,0.0244786,-0.037320970000000002
YSHMQTRICHYLGF-UHFFFAOYSA-N,0.016017859999999998,-0.039462829999999997
VLLNJDMHDJRNFK-CHIWXEEVSA-N,0.023871199999999999,-0.037129339999999997
RJGDLRCDCYRQOQ-UHFFFAOYSA-N,0.016731840000000001,-0.039477989999999998
SBYHFKPVCBCYGV-UHFFFAOYSA-N,0.0062579439999999997,-0.04377458
UPOSSYJVWXLPTA-UHFFFAOYSA-N,0.0182562,-0.038193560000000001
RDOWQLZANAYVLL-UHFFFAOYSA-N,0.021906189999999999,-0.036639909999999998
WYACBZDAHNBPPB-UHFFFAOYSA-N,0.02443737,-0.038825310000000002
NKTOLZVEWDHZMU-UHFFFAOYSA-N,0.029490809999999999,-0.02640882
NKDDWNXOKDWJAK-UHFFFAOYSA-N,0.01383942,-0.032980379999999997
JKOVQYWMFZTKMX-ONEGZZNKSA-N,0.033382139999999998,-0.068269930000000006
TYMLOMAKGOJONV-UHFFFAOYSA-N,0.042477510000000003,-0.06206967
BGJSXRVXTHVRSN-UHFFFAOYSA-N,0.016825110000000001,-0.030912240000000001
FQDXJYBXPOMIBX-UHFFFAOYSA-N,0.05830428,-0.029140280000000001
OEPRBXUJOQLYID-UHFFFAOYSA-N,0.01766568,-0.034538449999999998
AOPDRZXCEAKHHW-UHFFFAOYSA-N,0.0057616009999999999,-0.036443410000000002
UGEJOEBBMPOJMT-UHFFFAOYSA-N,0.04535542,-0.02737535
MHZGKXUYDGKKIU-UHFFFAOYSA-N,0.014728120000000001,-0.037080580000000002
YXWJGZQOGXGSSC-UHFFFAOYSA-N,0.034669640000000002,-0.0143521
BTJIUGUIPKRLHP-UHFFFAOYSA-N,0.054117749999999999,-0.058002020000000001
JFDZBHWFFUWGJE-UHFFFAOYSA-N,0.020372790000000002,-0.02975268
VQGHOUODWALEFC-UHFFFAOYSA-N,0.016221969999999999,-0.048441360000000003
NUJGJRNETVAIRJ-UHFFFAOYSA-N,0.02171996,-0.037918540000000001
JLZWKZDHHREXTA-UHFFFAOYSA-N,0.032401579999999999,-0.048713329999999999
BZLVMXJERCGZMT-UHFFFAOYSA-N,0.0087480019999999995,-0.036688709999999999
IUGYQRQAERSCNH-UHFFFAOYSA-N,0.0241228,-0.043416530000000002
KDISMIMTGUMORD-UHFFFAOYSA-N,0.016527219999999999,-0.044901669999999998
HMIBQFXWSUBFTG-UHFFFAOYSA-N,0.01889857,-0.043096959999999997
XTAZYLNFDRKIHJ-UHFFFAOYSA-N,0.0097246079999999992,-8.2974669999999993
CVNOWLNNPYYEOH-UHFFFAOYSA-N,0.045430890000000002,-0.030220190000000001
RPYZIZAINHSCRS-MSUUIHNZSA-N,0.01091637,-0.030664299999999999
DKNWSYNQZKUICI-CHIWXEEVSA-N,0.01279457,-0.038336309999999998
WDAXFOBOLVPGLV-UHFFFAOYSA-N,0.014394479999999999,-0.043839530000000002
YQUQWHNMBPIWGK-UHFFFAOYSA-N,0.034905169999999999,-0.02675572
NWPWRAWAUYIELB-UHFFFAOYSA-N,0.01705129,-0.045313029999999997
KUFFULVDNCHOFZ-UHFFFAOYSA-N,0.030062999999999999,-0.026029690000000001
AHJWSRRHTXRLAQ-UHFFFAOYSA-N,0.0098274079999999993,-0.030450140000000001
QWBBPBRQALCEIZ-UHFFFAOYSA-N,0.02940895,-0.02661285
VKYKSIONXSXAKP-UHFFFAOYSA-N,0.01574004,-0.035862489999999997
HPNMFZURTQLUMO-UHFFFAOYSA-N,0.014667660000000001,-0.035546109999999999
QSJXEFYPDANLFS-UHFFFAOYSA-N,0.023273289999999999,-0.028686150000000001
OXHNLMTVIGZXSG-UHFFFAOYSA-N,0.019121030000000001,-0.046999739999999998
NVPICXQHSYQKGM-UHFFFAOYSA-N,0.017784069999999999,-0.032644449999999998
PYLWMHQQBFSUBP-UHFFFAOYSA-N,0.016763460000000001,-0.02994146
QWVGKYWNOKOFNN-UHFFFAOYSA-N,0.02879282,-0.02656617
SGHBRHKBCLLVCI-UHFFFAOYSA-N,0.041313419999999997,-0.028086610000000001
HZXRDAIBHPCJLE-UHFFFAOYSA-N,0.031072180000000001,-0.048802310000000002
YEEMHJNIVXNCSN-ALCCZGGFSA-N,0.027041889999999999,-0.037251859999999998
LVQDLURAEDSMES-UHFFFAOYSA-N,0.01729431,-0.045740709999999997
RTZKZFJDLAIYFH-UHFFFAOYSA-N,0.0066499560000000003,-0.034167820000000002
LRDFRRGEGBBSRN-UHFFFAOYSA-N,0.020104710000000001,-0.028977470000000002
ZPTVNYMJQHSSEA-UHFFFAOYSA-N,0.02755173,-0.059915959999999997
GXELTROTKVKZBQ-UHFFFAOYSA-N,0.01510097,-0.036503300000000002
RHQDFWAXVIIEBN-UHFFFAOYSA-N,0.045829719999999997,-0.02754587
GPRYKVSEZCQIHD-UHFFFAOYSA-N,0.028260170000000001,-0.041743309999999999
LBKPGNUOUPTQKA-UHFFFAOYSA-N,0.02673095,-0.051917110000000002
KBEBGUQPQBELIU-CMDGGOBGSA-N,0.01442623,-0.044298570000000002
RGXUCUWVGKLACF-UHFFFAOYSA-N,0.02158974,-0.038736380000000001
ZOUYLAPTOZAWHX-UHFFFAOYSA-N,0.04554888,-0.042012090000000002
SUSQOBVLVYHIEX-UHFFFAOYSA-N,0.01792032,-0.030095440000000001
LBUJPTNKIBCYBY-UHFFFAOYSA-N,0.020357279999999998,-0.038317419999999998
XQABVLBGNWBWIV-UHFFFAOYSA-N,0.020152630000000001,-0.040128009999999999
KJPRLNWUNMBNBZ-QPJJXVBHSA-N,0.023909630000000001,-0.041164619999999999
BWHOZHOGCMHOBV-BQYQJAHWSA-N,0.02121721,-0.041693569999999999
IGTWYMQBGKAFCF-VOTSOKGWSA-N,0.033507000000000002,-0.068668270000000003
GGSUCNLOZRCGPQ-UHFFFAOYSA-N,0.01050308,-0.02900498
OSOIQJGOYGSIMF-UHFFFAOYSA-N,0.01678586,-0.03923521
YBRBMKDOPFTVDT-UHFFFAOYSA-N,0.013919519999999999,-0.038900530000000003
CHZCERSEMVWNHL-UHFFFAOYSA-N,0.044089959999999997,-0.036803210000000003
ODFFPRGJZRXNHZ-UHFFFAOYSA-N,0.041243679999999998,-0.035235530000000001
TVDSBUOJIPERQY-UHFFFAOYSA-N,0.03044003,-0.034878449999999998
MCSAJNNLRCFZED-UHFFFAOYSA-N,0.039947200000000002,-0.055695929999999998
RUOJZAUFBMNUDX-VKHMYHEASA-N,0.036132249999999998,-0.042384850000000002
ZTQSAGDEMFDKMZ-UHFFFAOYSA-N,0.024311200000000002,-0.038165659999999997
AKODNVGCZKBUNT-UHFFFAOYSA-N,0.017934390000000001,-0.055985279999999998
HSQXKKSEAOWACG-GEHXZAHHSA-N,0.023675370000000001,-0.028491079999999998
BUDQDWGNQVEFAC-UHFFFAOYSA-N,0.015269430000000001,-0.02916094
VZXXYILNWWRSGE-OCAPTIKFSA-N,0.014152720000000001,-0.036846139999999999
YFKBXYGUSOXJGS-UHFFFAOYSA-N,0.01929457,-0.047809820000000003
XHNTVKASLQLNFM-UHFFFAOYSA-N,0.01226522,-0.042879779999999999
MXHTZQSKTCCMFG-UHFFFAOYSA-N,0.011210080000000001,-0.029749169999999998
BWLUMTFWVZZZND-UHFFFAOYSA-N,0.012613940000000001,-0.038994819999999999
NCCHARWOCKOHIH-UHFFFAOYSA-N,0.025012940000000001,-0.049666040000000002
DQYDFMBXYUTXOK-UHFFFAOYSA-N,0.014426680000000001,-0.053058899999999999
FHUODBDRWMIBQP-UHFFFAOYSA-N,0.021343870000000001,-0.046117690000000003
DWPLEOPKBWNPQV-UHFFFAOYSA-N,0.02177523,-0.035735969999999999
ATVJXMYDOSMEPO-UHFFFAOYSA-N,0.0099315410000000003,-0.039761060000000001
AJFDBNQQDYLMJN-UHFFFAOYSA-N,0.01957677,-0.047848590000000003
CSDUKRUFTFEFBO-PGNZUDIJSA-N,0.026820099999999999,-0.017909310000000001
HWWYDZCSSYKIAD-UHFFFAOYSA-N,0.016040869999999999,-0.038330210000000003
LQNUZADURLCDLV-UHFFFAOYSA-N,0.028440030000000002,-0.057678510000000002
QDDLRYYYCREGPC-DTJXOCLSSA-N,0.032625580000000001,-0.018503060000000002
HKTSLDUAGCAISP-UHFFFAOYSA-N,0.01466962,-0.057576670000000003
ULKWBVNMJZUEBD-UHFFFAOYSA-N,0.016302339999999998,-0.050146450000000002
NQRYJNQNLNOLGT-UHFFFAOYSA-N,0.01269574,-0.038773759999999997
ODHXBMXNKOYIBV-UHFFFAOYSA-N,0.01040524,-0.028065050000000001
AUQDITHEDVOTCU-UHFFFAOYSA-N,0.024011850000000001,-0.029753189999999999
YNAVUWVOSKDBBP-UHFFFAOYSA-N,0.016035730000000002,-0.035079949999999999
RUFPHBVGCFYCNW-UHFFFAOYSA-N,0.021793570000000002,-0.037629599999999999
WBDSPWDNJYQQDT-UHFFFAOYSA-N,0.01658652,-0.046404309999999997
ROFVEXUMMXZLPA-UHFFFAOYSA-N,0.01514857,-0.028240850000000001
VBZWSGALLODQNC-UHFFFAOYSA-N,0.056492229999999997,-0.010823019999999999
BHAAPTBBJKJZER-UHFFFAOYSA-N,0.020149790000000001,-0.03954879
YRKCREAYFQTBPV-UHFFFAOYSA-N,0.02561604,-0.032965469999999997
YNQLUTRBYVCPMQ-UHFFFAOYSA-N,0.01025889,-0.019792279999999999
QVSVMNXRLWSNGS-UHFFFAOYSA-N,0.027537329999999999,-0.035210270000000002
QWPYVYJPIHGYGX-RZIOALPKSA-N,0.02193471,-0.049605499999999997
ZMXDDKWLCZADIW-UHFFFAOYSA-N,0.02986509,-0.045703529999999999
SWFHGTMLYIBPPA-UHFFFAOYSA-N,0.0173969,-0.041525159999999998
GAEKPEKOJKCEMS-BYPYZUCNSA-N,0.023189990000000001,-0.053296030000000001
XZNOAVNRSFURIR-UHFFFAOYSA-N,0.054470869999999998,-0.012849910000000001
XQAACMFZWHCPPN-UHFFFAOYSA-N,0.016678040000000002,-0.056346559999999997
FGWQRDGADJMULT-UHFFFAOYSA-N,0.014634309999999999,-0.03973521
QSACPWSIIRFHHR-UHFFFAOYSA-N,0.019687010000000001,-0.029397599999999999
GVALSXYCLDABKT-UHFFFAOYSA-N,0.021287739999999999,-0.05889983
IZXIZTKNFFYFOF-UHFFFAOYSA-N,0.034349449999999997,-0.046770850000000003
YEJRWHAVMIAJKC-UHFFFAOYSA-N,0.02722695,-0.05088968
LCGLNKUTAGEVQW-UHFFFAOYSA-N,0.01192008,-0.035275870000000001
CGHIBGNXEGJPQZ-UHFFFAOYSA-N,0.02626709,-0.0265185
ONIHPYYWNBVMID-UHFFFAOYSA-N,0.020270630000000001,-0.039996780000000003
FCLOSAGZCUDMFV-UHFFFAOYSA-N,0.043084409999999997,-0.044532490000000001
BNUHAJGCKIQFGE-UHFFFAOYSA-N,0.032676089999999998,-0.062126489999999999
WJQOZHYUIDYNHM-UHFFFAOYSA-N,0.032416460000000001,-0.025530779999999999
ZSMRRZONCYIFNB-UHFFFAOYSA-N,0.026054040000000001,-0.033941310000000002
PPXUHEORWJQRHJ-UHFFFAOYSA-N,0.0148177,-0.044084749999999999
JLTDJTHDQAWBAV-UHFFFAOYSA-N,0.01473846,-0.03092754
OISVCGZHLKNMSJ-UHFFFAOYSA-N,0.015633649999999999,-0.038525810000000001
BEZDDPMMPIDMGJ-UHFFFAOYSA-N,0.010666749999999999,-0.030552119999999999
KSMVZQYAVGTKIV-UHFFFAOYSA-N,0.021801279999999999,-0.038072880000000003
ARCZSDSOONGBRX-UHFFFAOYSA-N,0.045542359999999997,-0.046391740000000001
IKEHOXWJQXIQAG-UHFFFAOYSA-N,0.03435539,-0.021889539999999999
OSWPMRLSEDHDFF-UHFFFAOYSA-N,0.018436939999999999,-0.038441429999999999
KBPLFHHGFOOTCA-UHFFFAOYSA-N,0.02448177,-0.036395719999999999
VDFVNEFVBPFDSB-UHFFFAOYSA-N,0.01456998,-0.033721290000000001
FUNXVDFRBZQHKX-UHFFFAOYSA-N,0.02761487,-0.050666000000000003
NLHHRLWOUZZQLW-UHFFFAOYSA-N,0.022616879999999999,-0.029151529999999998
XOUQAVYLRNOXDO-UHFFFAOYSA-N,0.033064299999999998,-0.027856530000000001
ICSNLGPSRYBMBD-UHFFFAOYSA-N,0.023404700000000001,-0.036146520000000001
DIBFBUQGVMZWTM-UHFFFAOYSA-N,0.066456059999999997,-0.032436890000000003
MGYMHQJELJYRQS-VHSXEESVSA-N,0.01742225,-0.048288829999999998
MTJVUMGKHCIMJL-UHFFFAOYSA-N,0.018546119999999999,-0.044220740000000001
PMDCZENCAXMSOU-UHFFFAOYSA-N,0.033105820000000001,-0.047355399999999999
MBTGBRYMJKYYOE-UHFFFAOYSA-N,0.031472979999999998,-0.042513099999999998
ATHHXGZTWNVVOU-UHFFFAOYSA-N,0.03774023,-0.046286420000000002
JPMQWSJHCDLANT-UHFFFAOYSA-N,0.01560896,-0.055682370000000002
LFQSCWFLJHTTHZ-UHFFFAOYSA-N,0.02471251,-0.035077339999999999
CRBJBYGJVIBWIY-UHFFFAOYSA-N,0.027998220000000001,-0.030806239999999999
ORPHOKOVVUFNKE-UHFFFAOYSA-N,0.015934980000000001,-0.056398530000000002
URAYPUMNDPQOKB-UHFFFAOYSA-N,0.020898150000000001,-0.040914590000000001
BAPJBEWLBFYGME-UHFFFAOYSA-N,0.019669800000000001,-0.043757150000000002
OKKJLVBELUTLKV-UHFFFAOYSA-N,0.02704384,-0.035564529999999997
XUVKSPPGPPFPQN-UHFFFAOYSA-N,0.019332800000000001,-0.043068780000000001
BGTOWKSIORTVQH-UHFFFAOYSA-N,0.021086069999999998,-0.039116499999999998
TXFPEBPIARQUIG-UHFFFAOYSA-N,0.038185589999999998,-0.040635310000000001
SMWDFEZZVXVKRB-UHFFFAOYSA-N,0.017944999999999999,-0.037142639999999998
SJRJJKPEHAURKC-UHFFFAOYSA-N,0.013036789999999999,-0.036120510000000002
JIKUXBYRTXDNIY-UHFFFAOYSA-N,0.018345070000000002,-0.047463529999999997
JVZRCNQLWOELDU-UHFFFAOYSA-N,0.01443144,-0.039380619999999998
HUTDHWXNOSDRBN-UHFFFAOYSA-N,0.013076050000000001,-0.040988509999999999
KWKXNDCHNDYVRT-UHFFFAOYSA-N,0.01179121,-0.031222340000000001
PFYPDUUXDADWKC-UHFFFAOYSA-N,0.01599658,-0.03768121
OHLUUHNLEMFGTQ-UHFFFAOYSA-N,0.033549669999999997,-0.047629829999999998
LKKHEZBRRGJBGH-UHFFFAOYSA-N,0.059769610000000001,-0.034909990000000002
DHIVLKMGKIZOHF-UHFFFAOYSA-N,0.016407399999999999,-0.034916219999999998
NTPLXRHDUXRPNE-UHFFFAOYSA-N,0.02011168,-0.041396259999999997
FDQQNNZKEJIHMS-UHFFFAOYSA-N,0.031860680000000002,-0.02674313
WEEGYLXZBRQIMU-WAAGHKOSSA-N,0.0074850669999999998,-0.038080160000000002
JYYNAJVZFGKDEQ-UHFFFAOYSA-N,0.014802239999999999,-0.039138140000000002
UEXCJVNBTNXOEH-UHFFFAOYSA-N,0.027535629999999998,-0.02575148
BOHCMQZJWOGWTA-UHFFFAOYSA-N,0.020371440000000001,-0.029741879999999998
JJYPMNFTHPTTDI-UHFFFAOYSA-N,0.020862740000000001,-0.039092500000000002
SVEUVITYHIHZQE-UHFFFAOYSA-N,0.02465732,-0.036248240000000001
GXHHFMZALQKUFL-UHFFFAOYSA-N,0.043950839999999998,-0.045571029999999998
ZMANZCXQSJIPKH-UHFFFAOYSA-N,0.005806294,-0.034598320000000002
KVNRLNFWIYMESJ-UHFFFAOYSA-N,0.020690190000000001,-0.02913342
HCFAJYNVAYBARA-UHFFFAOYSA-N,0.0161257,-0.0386009
WMOVHXAZOJBABW-UHFFFAOYSA-N,0.013970399999999999,-0.043067099999999997
GUVUOGQBMYCBQP-UHFFFAOYSA-N,0.017784069999999999,-0.05070765
PJGSXYOJTGTZAV-UHFFFAOYSA-N,0.015750489999999999,-0.03961046
SAANJXKHPZBABZ-UHFFFAOYSA-N,0.015632500000000001,-0.056889339999999997
OLBCVFGFOZPWHH-UHFFFAOYSA-N,0.025763210000000002,-0.035322899999999997
AIMREYQYBFBEGQ-UHFFFAOYSA-N,0.034156800000000001,-0.059242049999999997
MSXIOWULDXZJLX-UHFFFAOYSA-N,0.01772058,-0.041698409999999998
HDJGQEDLEYXGCN-UHFFFAOYSA-N,0.035754250000000001,-0.045829479999999999
BAYUSCHCCGXLAY-UHFFFAOYSA-N,0.023974160000000001,-0.039349629999999997
XIAJQOBRHVKGSP-UHFFFAOYSA-N,0.010228030000000001,-0.019835760000000001
AKQWEDMTPCAESO-UHFFFAOYSA-N,0.019958030000000002,-0.041030049999999998
DKPFZGUDAPQIHT-UHFFFAOYSA-N,0.015045380000000001,-0.04434068
MSPDNPMYZVJMAM-OVMOHIIOSA-N,0.01934953,-0.04051304
TZAJCDOWOPBMKD-UHFFFAOYSA-N,0.02830498,-0.047225139999999999
IVSZLXZYQVIEFR-UHFFFAOYSA-N,0.010407659999999999,-0.01990113
HONIICLYMWZJFZ-UHFFFAOYSA-N,0.01474545,-0.041960579999999997
ITQTTZVARXURQS-UHFFFAOYSA-N,0.016545299999999999,-0.037638779999999997
NWVVVBRKAWDGAB-UHFFFAOYSA-N,0.033142829999999998,-0.02722103
JNAKRDAEBSBJGO-UHFFFAOYSA-N,0.010672620000000001,-0.03985884
JIHQDMXYYFUGFV-UHFFFAOYSA-N,0.024189519999999999,-0.030587070000000001
VNXYDFNVQBICRO-UHFFFAOYSA-N,0.053033110000000001,-0.023616669999999999
AGSPXMVUFBBBMO-UHFFFAOYSA-N,0.029596000000000001,-0.033217089999999998
OIFBSDVPJOWBCH-UHFFFAOYSA-N,0.01577462,-0.044846329999999997
UYFJYGWNYQCHOB-UHFFFAOYSA-N,0.019439350000000001,-0.040233810000000002
KGIGUEBEKRSTEW-UHFFFAOYSA-N,0.016510940000000002,-0.036557819999999998
JUJWROOIHBZHMG-UHFFFAOYSA-N,0.016309669999999998,-0.039310360000000003
SUAKHGWARZSWIH-UHFFFAOYSA-N,0.029837869999999999,-0.046664709999999998
MCTWTZJPVLRJOU-UHFFFAOYSA-N,0.029448200000000001,-0.047866949999999998
LSBIUXKNVUBKRI-UHFFFAOYSA-N,0.019283669999999999,-0.034921109999999998
JLNGEXDJAQASHD-UHFFFAOYSA-N,0.016280059999999999,-0.050907189999999998
HHEIMYAXCOIQCJ-UHFFFAOYSA-N,0.01357332,-0.044855630000000001
RYHBNJHYFVUHQT-UHFFFAOYSA-N,0.017997559999999999,-0.033536530000000002
SELYJABLPLKXOY-UHFFFAOYSA-N,0.014857230000000001,-0.048152019999999997
CTSZPNIMMLSKDV-UHFFFAOYSA-N,0.0099708450000000007,-0.039883130000000003
PBMFSQRYOILNGV-UHFFFAOYSA-N,0.02333841,-0.045694829999999999
SJTBRFHBXDZMPS-UHFFFAOYSA-N,0.039228600000000002,-0.028505590000000001
ZKKBIZXAEDFPNL-HWKANZROSA-N,0.025271760000000001,-0.036427670000000002
RFVHVYKVRGKLNK-UHFFFAOYSA-N,0.01939277,-0.041655659999999997
NAQMVNRVTILPCV-UHFFFAOYSA-N,0.0149894,-0.037401709999999998
ASUDFOJKTJLAIK-UHFFFAOYSA-N,0.013899730000000001,-0.039255569999999997
UFWIBTONFRDIAS-UHFFFAOYSA-N,0.01285115,-0.02510364
NUMQCACRALPSHD-UHFFFAOYSA-N,0.0077481620000000003,-0.035483010000000002
DACIGVIOAFXPHW-CDECOKDKSA-N,0.014564860000000001,-0.040337720000000001
DCNUQRBLZWSGAV-UHFFFAOYSA-N,0.019611590000000002,-0.055589380000000001
WSJNYOVBJSOQST-UHFFFAOYSA-N,0.017876639999999999,-0.045209989999999999
XLSZMDLNRCVEIJ-UHFFFAOYSA-N,0.040485809999999997,-0.04699358
BWZVCCNYKMEVEX-UHFFFAOYSA-N,0.014358289999999999,-0.037878200000000001
OOWFYDWAMOKVSF-UHFFFAOYSA-N,0.01445223,-0.0273019
VIZNDSYPXQJMCM-UHFFFAOYSA-N,0.019444929999999999,-0.034165939999999999
JHIVVAPYMSGYDF-UHFFFAOYSA-N,0.019343369999999999,-0.040070799999999997
GCDVQIPVANUWJO-UHFFFAOYSA-N,0.03153984,-0.048603830000000001
OOHAUGDGCWURIT-UHFFFAOYSA-N,0.0053714269999999998,-0.039770430000000002
NURQLCJSMXZBPC-UHFFFAOYSA-N,0.015088809999999999,-0.039210299999999997
BEUGBYXJXMVRFO-UHFFFAOYSA-N,0.02059501,-0.041589290000000001
SWIMPUZQSVMCCL-UHFFFAOYSA-N,0.01496931,-0.050322829999999999
LFSAPCRASZRSKS-LURJTMIESA-N,0.01776645,-0.039067350000000001
SMBILOIZRKUZPE-UHFFFAOYSA-N,0.01585137,-0.058814270000000002
AWJUIBRHMBBTKR-UHFFFAOYSA-N,0.021542639999999998,-0.038846020000000002
DAZXVJBJRMWXJP-UHFFFAOYSA-N,0.0052176599999999998,-0.03591685
NTIZESTWPVYFNL-UHFFFAOYSA-N,0.017244789999999999,-0.039385969999999999
WXBWKMLIVXELSF-UHFFFAOYSA-N,0.02663563,-0.03602909
DCKVNWZUADLDEH-YFKPBYRVSA-N,0.01458254,-0.043931459999999999
YQYGPGKTNQNXMH-UHFFFAOYSA-N,0.035008629999999999,-0.054920509999999999
IMNIMPAHZVJRPE-UHFFFAOYSA-N,0.010615970000000001,-0.043194080000000003
BBLDTXFLAHKYFJ-UHFFFAOYSA-N,0.0074410839999999997,-0.038126109999999998
OOLOYCGJRJFTPM-UHFFFAOYSA-N,0.029728049999999999,-0.031388550000000001
XQQZRZQVBFHBHL-UHFFFAOYSA-N,0.01208645,-0.035889509999999999
KLSLBUSXWBJMEC-UHFFFAOYSA-N,0.033560369999999999,-0.026397219999999999
MSXVEPNJUHWQHW-UHFFFAOYSA-N,0.023858009999999999,-0.036819560000000001
DKGAVHZHDRPRBM-UHFFFAOYSA-N,0.024454090000000001,-0.036200740000000002
NLPHXWGWBKZSJC-UHFFFAOYSA-N,0.02796947,-0.03286712
UWKQJZCTQGMHKD-UHFFFAOYSA-N,0.015253910000000001,-0.030982869999999999
KYQCOXFCLRTKLS-UHFFFAOYSA-N,0.021926919999999999,-0.032575930000000003
RHMPLDJJXGPMEX-UHFFFAOYSA-N,0.040337999999999999,-0.03012302
FXHOOIRPVKKKFG-UHFFFAOYSA-N,0.02087659,-0.046938590000000002
RLSSMJSEOOYNOY-UHFFFAOYSA-N,0.033353880000000002,-0.027300069999999999
GZPHSAQLYPIAIN-UHFFFAOYSA-N,0.026013789999999998,-0.029094459999999999
PZPYIRQFCOFLGJ-UHFFFAOYSA-N,0.023728639999999999,-0.033833809999999999
WEVYAHXRMPXWCK-UHFFFAOYSA-N,0.0218491,-0.02814291
CPWSNJSGSXXVLD-CHIWXEEVSA-N,0.0089321539999999994,-0.037034730000000002
IKHGUXGNUITLKF-UHFFFAOYSA-N,0.02434476,-0.03776931
FDPIMTJIUBPUKL-UHFFFAOYSA-N,0.016895489999999999,-0.03912115
QTBSBXVTEAMEQO-UHFFFAOYSA-N,0.025547609999999998,-0.042508600000000001
XKVUYEYANWFIJX-UHFFFAOYSA-N,0.038141029999999999,-0.036433779999999999
OZKOMUDCMCEDTM-UHFFFAOYSA-N,0.021299740000000001,-0.034436830000000002
YLQWCDOCJODRMT-UHFFFAOYSA-N,0.023321600000000001,-0.038824440000000002
YYVYAPXYZVYDHN-UHFFFAOYSA-N,0.02870412,-0.054497799999999999
JLSSWDFCYXSLQX-UHFFFAOYSA-N,0.023522689999999999,-0.038257529999999998
FERIUCNNQQJTOY-UHFFFAOYSA-N,0.024695080000000001,-0.043090000000000003
NUKYPUAOHBNCPY-UHFFFAOYSA-N,0.02754011,-0.040432999999999997
OCGWWLDZAFOHGD-UHFFFAOYSA-N,0.045164500000000003,-0.031674309999999997
QVWDCTQRORVHHT-UHFFFAOYSA-N,0.021954609999999999,-0.043826860000000002
IIRFCWANHMSDCG-UHFFFAOYSA-N,0.01756918,-0.038979109999999997
AZQWKYJCGOJGHM-UHFFFAOYSA-N,0.019594529999999999,-0.029552019999999998
ZUTYZAFDFLLILI-QMMMGPOBSA-N,0.034111170000000003,-0.027674199999999999
FEWLNYSYJNLUOO-UHFFFAOYSA-N,0.026045829999999999,-0.046613559999999998
FUZZWVXGSFPDMH-UHFFFAOYSA-N,0.025047130000000001,-0.043290599999999999
RZXMPPFPUUCRFN-UHFFFAOYSA-N,0.021352699999999999,-0.038806350000000003
LJXQPZWIHJMPQQ-UHFFFAOYSA-N,0.027830130000000002,-0.03489971
BPRYUXCVCCNUFE-UHFFFAOYSA-N,0.030411980000000002,-0.026631510000000001
XXROGKLTLUQVRX-UHFFFAOYSA-N,0.026548200000000001,-0.030972329999999999
JKANAVGODYYCQF-UHFFFAOYSA-N,0.029292039999999998,-0.036128399999999998
PAMIQIKDUOTOBW-UHFFFAOYSA-N,0.004331667,-0.036920099999999997
BHHGXPLMPWCGHP-UHFFFAOYSA-N,0.016749320000000002,-0.039792599999999997
QHPQWRBYOIRBIT-UHFFFAOYSA-N,0.035022169999999998,-0.02735282
CVQUWLDCFXOXEN-UHFFFAOYSA-N,0.029302120000000001,-0.045147970000000003
NBUKAOOFKZFCGD-UHFFFAOYSA-N,0.054959689999999999,-0.02802719
KAESVJOAVNADME-UHFFFAOYSA-N,0.034068380000000002,-0.045507699999999998
AQEFLFZSWDEAIP-UHFFFAOYSA-N,0.0078030180000000001,-0.037068259999999999
OZJPLYNZGCXSJM-UHFFFAOYSA-N,0.025222959999999999,-0.055866939999999997
FZERHIULMFGESH-UHFFFAOYSA-N,0.037470400000000001,-0.04127364
LNDJVIYUJOJFSO-UHFFFAOYSA-N,0.043835399999999997,-0.0253257
DPBLXKKOBLCELK-UHFFFAOYSA-N,0.0149482,-0.037426050000000002
ZRSNZINYAWTAHE-UHFFFAOYSA-N,0.024346329999999999,-0.040978500000000001
GNKZMNRKLCTJAY-UHFFFAOYSA-N,0.019465860000000001,-0.040150999999999999
VLJSLTNSFSOYQR-UHFFFAOYSA-N,0.034574899999999999,-0.028965580000000001
SVYKKECYCPFKGB-UHFFFAOYSA-N,0.0058053469999999998,-0.03692484
PEEHTFAAVSWFBL-UHFFFAOYSA-N,0.03054022,-0.033355259999999998
CYWUZSYXTCCCRG-UHFFFAOYSA-N,0.031289919999999999,-0.048307160000000002
HHAISVSEJFEWBZ-UHFFFAOYSA-N,0.03165668,-0.030103390000000001
VPYJNCGUESNPMV-UHFFFAOYSA-N,0.0087951090000000006,-0.041223250000000003
JCMZZYSPSGHBNM-UHFFFAOYSA-N,0.018046260000000001,-0.042917360000000002
GOBGVVAHHOUMDK-UHFFFAOYSA-N,0.01503677,-0.036103999999999997
WJQWYAJTPPYORB-UHFFFAOYSA-N,0.037114550000000003,-0.062122770000000001
CWHFDTWZHFRTAB-UHFFFAOYSA-N,0.020248229999999999,-0.02451747
BKZXZGWHTRCFPX-UHFFFAOYSA-N,0.02830935,-0.027131969999999998
GGYVTHJIUNGKFZ-UHFFFAOYSA-N,0.014983939999999999,-0.046861319999999998
OWIKHYCFFJSOEH-UHFFFAOYSA-N,0.038187989999999998,-0.026216819999999998
GMQVFHZSXKJCIV-UHFFFAOYSA-N,0.050652200000000001,-0.016810499999999999
KYVBNYUBXIEUFW-UHFFFAOYSA-N,0.010275370000000001,-0.042276960000000002
LIWAQLJGPBVORC-UHFFFAOYSA-N,0.01456679,-0.03716821
HTJDQJBWANPRPF-UHFFFAOYSA-N,0.013886839999999999,-0.038007109999999997
IMNDHOCGZLYMRO-UHFFFAOYSA-N,0.016658559999999999,-0.050347980000000001
SECXISVLQFMRJM-UHFFFAOYSA-N,0.0149421,-0.046421619999999997
GXMIHVHJTLPVKL-UHFFFAOYSA-N,0.01465229,-0.041138830000000001
VVJKKWFAADXIJK-UHFFFAOYSA-N,0.015145809999999999,-0.03731313
PCNDJXKNXGMECE-UHFFFAOYSA-N,0.01629734,-0.029679110000000002
