AEKVBBNGWBBYLL-UHFFFAOYSA-N,0.026838609999999999,-0.020885029999999999
JYMNQRQQBJIMCV-UHFFFAOYSA-N,0.032115209999999998,-0.033845920000000002
JHIVVAPYMSGYDF-UHFFFAOYSA-N,0.015510899999999999,-0.035272020000000001
PDLCCNYKIIUWHA-UHFFFAOYSA-N,0.026903159999999999,-0.045840550000000001
RHLIPLVNXYUJQV-UHFFFAOYSA-N,0.021335509999999999,-0.060944039999999998
YSHMQTRICHYLGF-UHFFFAOYSA-N,0.024265970000000001,-0.043641350000000002
JLNGEXDJAQASHD-UHFFFAOYSA-N,0.02395195,-0.058288279999999998
OZNXTQSXSHODFR-CHIWXEEVSA-N,0.01025248,-0.02061814
JKTCBAGSMQIFNL-UHFFFAOYSA-N,0.02265619,-0.033559180000000001
MBHINSULENHCMF-UHFFFAOYSA-N,0.02362471,-0.040799380000000003
LFQSCWFLJHTTHZ-UHFFFAOYSA-N,0.020007960000000002,-0.02761914
NRKYWOKHZRQRJR-UHFFFAOYSA-N,0.045765960000000001,-0.032935609999999997
GRIXINIGTYIHSN-UHFFFAOYSA-N,0.024690469999999999,-0.057129180000000002
JBIJLHTVPXGSAM-UHFFFAOYSA-N,0.030320880000000001,-0.04784948
XFHVEEHRWSWVGA-UHFFFAOYSA-N,0.041296760000000002,-0.048576309999999998
LKKHEZBRRGJBGH-UHFFFAOYSA-N,0.049180269999999998,-0.039288879999999998
DSWNRHCOGVRDOE-ONEGZZNKSA-N,0.021902319999999999,-0.0407823
BNUHAJGCKIQFGE-UHFFFAOYSA-N,0.038670929999999999,-0.061129419999999997
IDJCCRRYIMWLSQ-UHFFFAOYSA-N,0.0271536,-0.057920270000000003
CSVFWMMPUJDVKH-UHFFFAOYSA-N,0.01720468,-0.02462568
RLSSMJSEOOYNOY-UHFFFAOYSA-N,0.033320130000000003,-0.03479811
FHUODBDRWMIBQP-UHFFFAOYSA-N,0.027565699999999999,-0.036573729999999999
VSYFZULSKMFUJJ-UHFFFAOYSA-N,0.021278579999999998,-0.040261100000000001
KYVIFDXEMABEDB-UHFFFAOYSA-N,0.022236079999999998,-0.041073800000000001
YRKCREAYFQTBPV-UHFFFAOYSA-N,0.022531760000000001,-0.027892400000000001
AIDFJGKWTOULTC-UHFFFAOYSA-N,0.033839170000000002,-0.046720999999999999
KRZCOLNOCZKSDF-UHFFFAOYSA-N,0.03517315,-0.037283339999999998
KDISMIMTGUMORD-UHFFFAOYSA-N,0.022173769999999999,-0.041789630000000001
KZNICNPSHKQLFF-UHFFFAOYSA-N,0.028828840000000001,-0.028052810000000001
ROSDSFDQCJNGOL-UHFFFAOYSA-N,0.01554445,-0.039761600000000001
JQVDAXLFBXTEQA-UHFFFAOYSA-N,0.01376109,-0.040476089999999999
GNOIPBMMFNIUFM-UHFFFAOYSA-N,0.024791469999999999,-0.08403476
PSHKMPUSSFXUIA-UHFFFAOYSA-N,0.020870969999999999,-0.042171960000000001
ASUDFOJKTJLAIK-UHFFFAOYSA-N,0.015927569999999999,-0.039951609999999999
NWPWRAWAUYIELB-UHFFFAOYSA-N,0.02432989,-0.036332900000000001
MVPPADPHJFYWMZ-UHFFFAOYSA-N,0.019317930000000001,-0.037481199999999999
PAMIQIKDUOTOBW-UHFFFAOYSA-N,0.0077525449999999996,-0.04179298
OXHNLMTVIGZXSG-UHFFFAOYSA-N,0.026362010000000002,-0.06570645
AUQDITHEDVOTCU-UHFFFAOYSA-N,0.0242355,-0.02609467
CLWIJUQLAFJNOF-UHFFFAOYSA-N,0.028425019999999999,-0.052506890000000001
XQAACMFZWHCPPN-UHFFFAOYSA-N,0.02670055,-0.05323696
KXKVLQRXCPHEJC-UHFFFAOYSA-N,0.019690260000000001,-0.03696518
XSJJNRDFIMCZRS-UHFFFAOYSA-N,0.022088759999999999,-0.058929530000000001
KJCVRFUGPWSIIH-UHFFFAOYSA-N,0.034066560000000003,-0.042117290000000002
SKMUIZHHMAPKIV-UHFFFAOYSA-N,0.019612689999999999,-0.055898799999999998
XHNTVKASLQLNFM-UHFFFAOYSA-N,0.027231089999999999,-0.044931039999999998
WSLDOOZREJYCGB-UHFFFAOYSA-N,0.018476739999999998,-0.02605828
HMIBQFXWSUBFTG-UHFFFAOYSA-N,0.026170990000000002,-0.047087860000000002
TZIHFWKZFHZASV-UHFFFAOYSA-N,0.036196230000000003,-0.034424469999999999
HJOVHMDZYOCNQW-UHFFFAOYSA-N,0.019630040000000001,-0.03702656
IVSZLXZYQVIEFR-UHFFFAOYSA-N,0.016204199999999998,-0.035778749999999998
PFYPDUUXDADWKC-UHFFFAOYSA-N,0.019922619999999999,-0.045660180000000002
WXEHBUMAEPOYKP-UHFFFAOYSA-N,0.01113454,-0.026003129999999999
DGVORXWMCNREFA-UHFFFAOYSA-N,0.02325238,-0.039233360000000002
UNFUYWDGSFDHCW-UHFFFAOYSA-N,0.01216647,-0.018331799999999999
KPWDGTGXUYRARH-UHFFFAOYSA-N,0.022044049999999999,-0.027512350000000001
GOOHAUXETOMSMM-VKHMYHEASA-N,0.01557528,-0.031137709999999999
OHLUUHNLEMFGTQ-UHFFFAOYSA-N,0.037295210000000002,-0.042008959999999998
VLJSLTNSFSOYQR-UHFFFAOYSA-N,0.035977750000000003,-0.05367794
ILVXOBCQQYKLDS-UHFFFAOYSA-N,0.03018972,-0.045802059999999999
WFDIJRYMOXRFFG-UHFFFAOYSA-N,0.024295520000000001,-0.043939060000000002
TXFPEBPIARQUIG-UHFFFAOYSA-N,0.037265090000000001,-0.032139429999999997
STZZWJCGRKXEFF-UHFFFAOYSA-N,0.029849319999999999,-0.023235809999999999
RDHPKYGYEGBMSE-UHFFFAOYSA-N,0.01192143,-0.0087199909999999999
BWHOZHOGCMHOBV-BQYQJAHWSA-N,0.030464789999999999,-0.040210250000000003
GBNHEBQXJVDXSW-UHFFFAOYSA-N,0.037820020000000003,-0.043432999999999999
ROFVEXUMMXZLPA-UHFFFAOYSA-N,0.021578070000000001,-0.040662120000000003
GXELTROTKVKZBQ-UHFFFAOYSA-N,0.021495440000000001,-0.047736210000000001
QJUBWCXHSCFIHV-UHFFFAOYSA-N,0.031498900000000003,-0.031825329999999999
SHOJXDKTYKFBRD-UHFFFAOYSA-N,0.0190619,-0.036482300000000002
XRXMNWGCKISMOH-UHFFFAOYSA-N,0.028077959999999999,-0.032798389999999997
GMQVFHZSXKJCIV-UHFFFAOYSA-N,0.044613060000000003,-0.019736940000000001
YIIMEMSDCNDGTB-UHFFFAOYSA-N,0.020953840000000001,-0.043964669999999997
BAYGVMXZJBFEMB-UHFFFAOYSA-N,0.048215029999999999,-0.03185549
OQEINIBVOPRVOG-UHFFFAOYSA-N,0.02076041,-0.037069030000000003
YHMYGUUIMTVXNW-UHFFFAOYSA-N,0.039177389999999999,-0.033831689999999998
VKYKSIONXSXAKP-UHFFFAOYSA-N,0.02140715,-0.035555539999999997
MBLHLTGHXCTWAO-UHFFFAOYSA-N,0.042364609999999997,-0.06031392
YKUCHDXIBAQWSF-UHFFFAOYSA-N,0.036857920000000002,-0.032739270000000001
BRLQWZUYTZBJKN-VKHMYHEASA-N,0.020656549999999999,-0.032826729999999998
NAQMVNRVTILPCV-UHFFFAOYSA-N,0.01524405,-0.041173069999999999
DPJCXCZTLWNFOH-UHFFFAOYSA-N,0.046879179999999999,-0.060558679999999997
WYACBZDAHNBPPB-UHFFFAOYSA-N,0.019373850000000001,-0.038942919999999999
JIRGTCBOQAJBHY-UHFFFAOYSA-N,0.024284480000000001,-0.061400120000000002
ITQTTZVARXURQS-UHFFFAOYSA-N,0.021432179999999999,-0.041546840000000002
DRUIESSIVFYOMK-UHFFFAOYSA-N,0.02326742,-0.019362130000000002
NBXDXMFYTJNWCS-UHFFFAOYSA-N,0.040898049999999998,-0.067789569999999993
WFCLYEAZTHWNEH-UHFFFAOYSA-N,0.04232122,-0.032647019999999999
ZVWHURINXJWEER-UHFFFAOYSA-N,0.0219607,-0.029785499999999999
QQZOPKMRPOGIEB-UHFFFAOYSA-N,0.020265740000000001,-0.034521629999999998
QUSNBJAOOMFDIB-UHFFFAOYSA-N,0.01514213,-0.040868460000000002
CSCPPACGZOOCGX-UHFFFAOYSA-N,0.023069869999999999,-0.033514479999999999
ZMXDDKWLCZADIW-UHFFFAOYSA-N,0.034226390000000002,-0.040081770000000003
NQRYJNQNLNOLGT-UHFFFAOYSA-N,0.013565819999999999,-0.041317640000000003
UQXAGNCUOPPUJH-UHFFFAOYSA-N,0.045775040000000003,-0.04914673
RISOHYOEPYWKOB-UHFFFAOYSA-N,0.044616429999999999,-0.056365520000000002
YCOXTKKNXUZSKD-UHFFFAOYSA-N,0.029242460000000001,-0.037337469999999998
GBCKRQRXNXQQPW-UHFFFAOYSA-N,0.015860740000000002,-0.050472530000000002
QMKKJBRRKIKWFK-UHFFFAOYSA-N,0.036172610000000001,-0.04120455
AFBPFSWMIHJQDM-UHFFFAOYSA-N,0.02699052,-0.04604743
MJUJXFBTEFXVKU-UHFFFAOYSA-N,0.026320420000000001,-0.068599460000000001
LBKDGROORAKTLC-UHFFFAOYSA-N,0.01672063,-0.018628390000000002
YORCIIVHUBAYBQ-UHFFFAOYSA-N,0.037215610000000003,-0.028983370000000001
ZAFNJMIOTHYJRJ-UHFFFAOYSA-N,0.0095690900000000006,-0.030940280000000001
BNLLHLUAOXAUNQ-UHFFFAOYSA-N,0.039406620000000003,-0.035781279999999999
SIKJAQJRHWYJAI-UHFFFAOYSA-N,0.04074966,-0.055127639999999999
IOQPZZOEVPZRBK-UHFFFAOYSA-N,0.01500772,-0.041911299999999999
LSCYTCMNCWMCQE-UHFFFAOYSA-N,0.032523669999999998,-0.040231919999999997
QVSVMNXRLWSNGS-UHFFFAOYSA-N,0.02564234,-0.034043289999999997
ODKLEQPZOCJQMT-UHFFFAOYSA-N,0.021257660000000001,-0.051187339999999998
HCJXEOFLVIFFDG-UHFFFAOYSA-N,0.026013620000000001,-0.058137439999999999
CDQSTBHGKNNPSY-UHFFFAOYSA-N,0.01950621,-0.04218305
NCCHARWOCKOHIH-UHFFFAOYSA-N,0.033143779999999998,-0.05026249
LNMBCRKRCIMQLW-UHFFFAOYSA-N,0.011946760000000001,-0.028384320000000001
HBNYJWAFDZLWRS-UHFFFAOYSA-N,0.023635989999999999,-0.03753066
PJYTYJGMJDIKEJ-UHFFFAOYSA-N,0.02160981,-0.032753850000000001
VHYFNPMBLIVWCW-UHFFFAOYSA-N,0.02665182,-0.039486899999999998
FKNQCJSGGFJEIZ-UHFFFAOYSA-N,0.020795190000000002,-0.034256349999999998
VPYJNCGUESNPMV-UHFFFAOYSA-N,0.015438779999999999,-0.044521680000000001
DENRZWYUOJLTMF-UHFFFAOYSA-N,0.025222459999999999,-0.043068099999999998
VHBFFQKBGNRLFZ-UHFFFAOYSA-N,0.025877029999999999,-0.040614999999999998
FTAHXMZRJCZXDL-UHFFFAOYSA-N,0.015801289999999999,-0.04468511
LMTGCJANOQOGPI-UHFFFAOYSA-N,0.023433369999999999,-0.040528370000000001
KBVQJEKAHKMCID-FNORWQNLSA-N,0.029683149999999998,-0.047408690000000003
IDSKMUOSMAUASS-XIXRPRMCSA-N,0.022454430000000001,-0.016276820000000001
ZSSWXNPRLJLCDU-UHFFFAOYSA-N,0.033828709999999998,-0.079928029999999997
PPWNCLVNXGCGAF-UHFFFAOYSA-N,0.030604139999999998,-0.038097789999999999
SZIFAVKTNFCBPC-UHFFFAOYSA-N,0.018393320000000001,-0.024609349999999999
KJPRLNWUNMBNBZ-QPJJXVBHSA-N,0.034832410000000001,-0.033673590000000003
AWJUIBRHMBBTKR-UHFFFAOYSA-N,0.026326949999999998,-0.037436270000000001
ODSXJQYJADZFJX-UHFFFAOYSA-N,0.048720020000000003,-0.024702180000000001
ZLVFYUORUHNMBO-UHFFFAOYSA-N,0.033626040000000003,-0.047075609999999997
HMNKTRSOROOSPP-UHFFFAOYSA-N,0.029816430000000001,-0.035593760000000002
FLFWJIBUZQARMD-UHFFFAOYSA-N,0.04128018,-0.036949929999999999
ZKKBIZXAEDFPNL-HWKANZROSA-N,0.031366600000000001,-0.034973810000000001
POLCUAVZOMRGSN-UHFFFAOYSA-N,0.0070793210000000004,-0.029843910000000001
WMOVHXAZOJBABW-UHFFFAOYSA-N,0.017688269999999999,-0.036383239999999997
BXRFQSNOROATLV-UHFFFAOYSA-N,0.04575953,-0.04843944
ODHXBMXNKOYIBV-UHFFFAOYSA-N,0.01734376,-0.044209180000000001
WHTDCOSHHMXZNE-UHFFFAOYSA-N,0.018273040000000001,-0.035776429999999998
WDFQBORIUYODSI-UHFFFAOYSA-N,0.035526450000000001,-0.040637300000000001
ILBIXZPOMJFOJP-UHFFFAOYSA-N,0.033254560000000002,-0.050125620000000003
FMVJYQGSRWVMQV-UHFFFAOYSA-N,0.046934900000000002,-0.041344770000000003
DXYPGMZJNUIZMU-UHFFFAOYSA-N,0.016704139999999999,-0.02759986
YNJBWRMUSHSURL-UHFFFAOYSA-N,0.028993680000000001,-0.033345409999999999
KMAQZIILEGKYQZ-UHFFFAOYSA-N,0.034589370000000001,-0.056102369999999999
FORKADXOPFAOHL-UHFFFAOYSA-N,0.035777009999999998,-0.034562669999999997
FGWQRDGADJMULT-UHFFFAOYSA-N,0.021240269999999999,-0.047928619999999998
CWHFDTWZHFRTAB-UHFFFAOYSA-N,0.02728036,-0.025347089999999999
BGNGWHSBYQYVRX-UHFFFAOYSA-N,0.030268179999999999,-0.037970669999999998
LBKPGNUOUPTQKA-UHFFFAOYSA-N,0.041045890000000002,-0.036401780000000002
VFWCMGCRMGJXDK-UHFFFAOYSA-N,0.013430289999999999,-0.016169360000000001
KJDRSWPQXHESDQ-UHFFFAOYSA-N,0.016600219999999999,-0.016789220000000001
SMBLCBJIVZBEPF-PEZBUJJGSA-N,0.024526260000000001,-0.054607639999999999
ODAJDDMWMREWGL-UHFFFAOYSA-N,0.038321609999999999,-0.012917959999999999
WFJXYIUAMJAURQ-UHFFFAOYSA-N,0.039193230000000003,-0.05538908
URLKBWYHVLBVBO-UHFFFAOYSA-N,0.0158704,-0.035296069999999999
DVVGIUUJYPYENY-UHFFFAOYSA-N,0.03770809,-0.042317069999999998
PHWISQNXPLXQRU-UHFFFAOYSA-N,0.027785799999999999,-0.043433920000000001
ARKIFHPFTHVKDT-UHFFFAOYSA-N,0.03439387,-0.053549720000000002
JXQGICFGPUAVLJ-UHFFFAOYSA-N,0.02857554,-0.043674339999999999
OLBCVFGFOZPWHH-UHFFFAOYSA-N,0.023752840000000001,-0.059663380000000002
NDKGUMMLYBINOC-UWTATZPHSA-N,0.02656698,-0.02870004
ATDGTVJJHBUTRL-UHFFFAOYSA-N,0.030606769999999998,-0.020883929999999998
FVSKHRXBFJPNKK-UHFFFAOYSA-N,0.02269728,-0.024307539999999999
OAGOUCJGXNLJNL-UHFFFAOYSA-N,0.0250423,-0.032312779999999999
AQNQQHJNRPDOQV-UHFFFAOYSA-N,0.01213382,-0.0098612749999999992
VQGHOUODWALEFC-UHFFFAOYSA-N,0.023321339999999999,-0.046165970000000001
OKKJLVBELUTLKV-UHFFFAOYSA-N,0.021409959999999999,-0.026583229999999999
AOPDRZXCEAKHHW-UHFFFAOYSA-N,0.0067800029999999997,-0.030772830000000001
XKVUYEYANWFIJX-UHFFFAOYSA-N,0.042009489999999997,-0.054568239999999997
TUAMRELNJMMDMT-UHFFFAOYSA-N,0.030041869999999998,-0.038008889999999997
GNKZMNRKLCTJAY-UHFFFAOYSA-N,0.025973699999999999,-0.032936710000000001
ODFFPRGJZRXNHZ-UHFFFAOYSA-N,0.045376840000000002,-0.049209089999999997
KWRGMBARTDLYSH-UHFFFAOYSA-N,0.02780444,-0.042343949999999998
YTPLMLYBLZKORZ-UHFFFAOYSA-N,0.024601339999999999,-0.048951460000000002
YUWFEBAXEOLKSG-UHFFFAOYSA-N,0.0086436210000000006,-0.039975589999999998
ISWSIDIOOBJBQZ-UHFFFAOYSA-N,0.03434823,-0.0334331
LRMLWYXJORUTBG-UHFFFAOYSA-N,0.049624550000000003,-0.083358349999999998
HPMLGNIUXVXALD-UHFFFAOYSA-N,0.02849109,-0.041472439999999999
CGZZMOTZOONQIA-UHFFFAOYSA-N,0.020438330000000001,-0.035612999999999999
YUKQRDCYNOVPGJ-UHFFFAOYSA-N,0.04049005,-0.033553119999999999
DWPLEOPKBWNPQV-UHFFFAOYSA-N,0.030778079999999999,-0.043000110000000001
JEDHEXUPBRMUMB-UHFFFAOYSA-N,0.026730199999999999,-0.051167209999999998
PMRYVIKBURPHAH-UHFFFAOYSA-N,0.038892070000000001,-0.04046085
HWWYDZCSSYKIAD-UHFFFAOYSA-N,0.021747519999999999,-0.034076530000000001
KYQCOXFCLRTKLS-UHFFFAOYSA-N,0.02529503,-0.027402969999999999
IKEHOXWJQXIQAG-UHFFFAOYSA-N,0.033211049999999999,-0.037246210000000002
BWLUMTFWVZZZND-UHFFFAOYSA-N,0.020205520000000001,-0.052507379999999999
UIZVATMSLGDSAW-UHFFFAOYSA-N,0.066526459999999996,-0.073076619999999995
NAKQCFRTJSBUPT-UHFFFAOYSA-N,0.047092219999999997,-0.054228829999999999
DTQVDTLACAAQTR-UHFFFAOYSA-N,0.0384515,-0.02405444
XXOIGDFCELVFFJ-UHFFFAOYSA-N,0.068425940000000005,-0.069522979999999998
OOLOYCGJRJFTPM-UHFFFAOYSA-N,0.020462149999999998,-0.018496229999999999
SECXISVLQFMRJM-UHFFFAOYSA-N,0.017765619999999999,-0.041760079999999998
QSJXEFYPDANLFS-UHFFFAOYSA-N,0.014210260000000001,-0.022943519999999998
YYVYAPXYZVYDHN-UHFFFAOYSA-N,0.040577750000000003,-0.048309589999999999
GEOWCLRLLWTHDN-UHFFFAOYSA-N,0.040392490000000003,-0.035412270000000003
AAADKYXUTOBAGS-OIBJUYFYSA-N,0.013888279999999999,-0.02785205
REYJJPSVUYRZGE-UHFFFAOYSA-N,0.048902220000000003,-0.010774540000000001
YFKBXYGUSOXJGS-UHFFFAOYSA-N,0.02947808,-0.06048386
ICSNLGPSRYBMBD-UHFFFAOYSA-N,0.030931549999999999,-0.039325869999999999
JWVCLYRUEFBMGU-UHFFFAOYSA-N,0.033755859999999999,-0.034116899999999999
UHGULLIUJBCTEF-UHFFFAOYSA-N,0.038987250000000001,-0.050396709999999997
XQQZRZQVBFHBHL-UHFFFAOYSA-N,0.014606040000000001,-0.029480409999999999
SNICXCGAKADSCV-JTQLQIEISA-N,0.0221979,-0.04494219
GZPHSAQLYPIAIN-UHFFFAOYSA-N,0.031010679999999999,-0.02217005
QPKDBLGFWZSDSB-UHFFFAOYSA-N,0.023674750000000001,-0.032993540000000002
ZSIAUFGUXNUGDI-UHFFFAOYSA-N,0.01954496,-0.028488469999999998
VPOMSPZBQMDLTM-UHFFFAOYSA-N,0.036754130000000003,-0.035803660000000001
SUAKHGWARZSWIH-UHFFFAOYSA-N,0.034479620000000002,-0.040742929999999997
USIUVYZYUHIAEV-UHFFFAOYSA-N,0.01981716,-0.04582953
FPTMVKXIMZNRJX-UHFFFAOYSA-N,0.040533529999999998,-0.03654578
NBUKAOOFKZFCGD-UHFFFAOYSA-N,0.036024670000000002,-0.032145899999999998
SMWDFEZZVXVKRB-UHFFFAOYSA-N,0.027019069999999999,-0.039299750000000001
GXMIHVHJTLPVKL-UHFFFAOYSA-N,0.024535850000000001,-0.041821400000000002
YSTPAHQEHQSRJD-VIFPVBQESA-N,0.019246989999999999,-0.035433050000000001
CUYKNJBYIJFRCU-UHFFFAOYSA-N,0.033468119999999997,-0.041075710000000001
VJXRKZJMGVSXPX-UHFFFAOYSA-N,0.020630240000000001,-0.034361120000000002
MNZAKDODWSQONA-UHFFFAOYSA-N,0.029227019999999999,-0.085967409999999994
ZOMKCDYJHAQMCU-UHFFFAOYSA-N,0.036278390000000001,-0.048821440000000001
AVQQQNCBBIEMEU-UHFFFAOYSA-N,0.017039760000000001,-0.042486969999999999
CYSGHNMQYZDMIA-UHFFFAOYSA-N,0.018805260000000001,-0.04374484
YQUQWHNMBPIWGK-UHFFFAOYSA-N,0.035059880000000002,-0.044919479999999998
DMBHHRLKUKUOEG-UHFFFAOYSA-N,0.035038399999999997,-0.048267499999999998
FVLAYJRLBLHIPV-UHFFFAOYSA-N,0.040831220000000001,-0.033652080000000001
ZCQWOFVYLHDMMC-UHFFFAOYSA-N,0.035861570000000002,-0.037255120000000003
OSOIQJGOYGSIMF-UHFFFAOYSA-N,0.02025859,-0.034039960000000001
ZRSNZINYAWTAHE-UHFFFAOYSA-N,0.029908219999999999,-0.03281038
CZGCEKJOLUNIFY-UHFFFAOYSA-N,0.031232510000000002,-0.055541889999999997
JXTGICXCHWMCPM-VIFPVBQESA-N,0.044138419999999998,-0.059962660000000001
TXZFPFSKKKPJIK-UHFFFAOYSA-N,0.030911370000000001,-0.088450239999999999
XUVKSPPGPPFPQN-UHFFFAOYSA-N,0.035057860000000003,-0.045872040000000003
VHFUHRXYRYWELT-UHFFFAOYSA-N,0.020709700000000001,-0.036936700000000003
OSWPMRLSEDHDFF-UHFFFAOYSA-N,0.025363940000000001,-0.030906409999999999
NOFXHGGTQGRTTJ-UHFFFAOYSA-N,0.0306676,-0.04279322
ZMEVDFFLOPFGCR-UHFFFAOYSA-N,0.033964750000000002,-0.035950570000000001
DULCUDSUACXJJC-UHFFFAOYSA-N,0.02388908,-0.042770780000000001
IAZDPXIOMUYVGZ-UHFFFAOYSA-N,0.043967060000000002,-0.059827900000000003
OCGXPFSUJVHRHA-UHFFFAOYSA-N,0.027467979999999999,-0.05552733
NLPHXWGWBKZSJC-UHFFFAOYSA-N,0.035809340000000002,-0.023919739999999998
MPPPKRYCTPRNTB-UHFFFAOYSA-N,0.01317831,-0.0091634500000000001
XBNGYFFABRKICK-UHFFFAOYSA-N,0.037037680000000003,-0.011213239999999999
RUFPHBVGCFYCNW-UHFFFAOYSA-N,0.038256619999999998,-0.048656140000000001
PXSGFTWBZNPNIC-UHFFFAOYSA-N,0.03963009,-0.054486859999999998
GPRYKVSEZCQIHD-UHFFFAOYSA-N,0.03602267,-0.03763561
RPYZIZAINHSCRS-MSUUIHNZSA-N,0.01496014,-0.038605979999999998
HXJUTPCZVOIRIF-UHFFFAOYSA-N,0.028299939999999999,-0.046925229999999998
OSASVXMJTNOKOY-UHFFFAOYSA-N,0.019780530000000001,-0.032877290000000003
XFNJVJPLKCPIBV-UHFFFAOYSA-N,0.01725664,-0.043157059999999997
HDJGQEDLEYXGCN-UHFFFAOYSA-N,0.034394859999999999,-0.054178730000000001
KMSNYNIWEORQDJ-UHFFFAOYSA-N,0.020284719999999999,-0.031825590000000001
HHVIBTZHLRERCL-UHFFFAOYSA-N,0.041284179999999997,-0.045695699999999999
BDERNNFJNOPAEC-UHFFFAOYSA-N,0.02059041,-0.02734338
XACSJLKCXDEIPX-UHFFFAOYSA-N,0.03603162,-0.050711819999999998
QTBSBXVTEAMEQO-UHFFFAOYSA-N,0.02212211,-0.036111150000000002
UUWJBXKHMMQDED-UHFFFAOYSA-N,0.025948990000000002,-0.030883770000000001
DSGZADFUTPZEMZ-UHFFFAOYSA-N,0.025235710000000001,-0.061319529999999997
BACKYMNXXFPCRL-UHFFFAOYSA-N,0.038914549999999999,-0.037243749999999999
HEXCXGXJELSYJW-UHFFFAOYSA-N,0.034638380000000003,-0.051044550000000001
WGBMKQSRUSKSOM-UHFFFAOYSA-N,0.01889998,-0.04340542
RGWHHWWMFUXNAX-ICWSVDNISA-N,0.058441699999999999,-0.015300269999999999
XDOKVFJJVSLHDJ-UHFFFAOYSA-N,0.033994219999999999,-0.075172470000000005
BHAAPTBBJKJZER-UHFFFAOYSA-N,0.026893549999999999,-0.047126899999999999
WMFABESKCHGSRC-UHFFFAOYSA-N,0.024138650000000001,-0.038862059999999997
DOYODMYEMDHHCE-UHFFFAOYSA-N,0.032541720000000003,-0.080778450000000002
NBBZMDUHKWRYSZ-UHFFFAOYSA-N,0.029118330000000001,-0.035980959999999999
FJDUDHYHRVPMJZ-UHFFFAOYSA-N,0.01498359,-0.040837270000000002
SWFHGTMLYIBPPA-UHFFFAOYSA-N,0.026202679999999999,-0.048100820000000002
MWCGLTCRJJFXKR-UHFFFAOYSA-N,0.042714740000000001,-0.040079999999999998
DKGAVHZHDRPRBM-UHFFFAOYSA-N,0.020198310000000001,-0.029253600000000001
NXXYKOUNUYWIHA-UHFFFAOYSA-N,0.029335050000000001,-0.037238239999999999
SYBYTAAJFKOIEJ-UHFFFAOYSA-N,0.02013877,-0.033727020000000003
XLYOFNOQVPJJNP-UHFFFAOYSA-N,0.026282409999999999,-0.02794056
NODGRWCMFMEGJH-UHFFFAOYSA-N,0.026847429999999999,-0.050252869999999998
ZWEHNKRNPOVVGH-UHFFFAOYSA-N,0.019592760000000001,-0.033735439999999998
GGSUCNLOZRCGPQ-UHFFFAOYSA-N,0.016244769999999999,-0.051521770000000001
VZGDMQKNWNREIO-UHFFFAOYSA-N,0.018635880000000001,-0.020081149999999999
ASSKVPFEZFQQNQ-UHFFFAOYSA-N,0.042728019999999999,-0.04038423
LCGLNKUTAGEVQW-UHFFFAOYSA-N,0.01072296,-0.027857509999999999
YOJAHJGBFDPSDI-UHFFFAOYSA-N,0.036783589999999998,-0.051963919999999997
HPXRVTGHNJAIIH-UHFFFAOYSA-N,0.01959201,-0.029709590000000001
OIFBSDVPJOWBCH-UHFFFAOYSA-N,0.014498179999999999,-0.037127889999999997
CTSZPNIMMLSKDV-UHFFFAOYSA-N,0.01285589,-0.037906009999999997
LIWAQLJGPBVORC-UHFFFAOYSA-N,0.01515501,-0.039980639999999998
LTLVZQZDXQWLHU-UHFFFAOYSA-N,0.03759183,-0.041957319999999999
WEHWNAOGRSTTBQ-UHFFFAOYSA-N,0.014107389999999999,-0.041273869999999997
IIRFCWANHMSDCG-UHFFFAOYSA-N,0.024478119999999999,-0.03491093
GZFGOTFRPZRKDS-UHFFFAOYSA-N,0.034964519999999999,-0.035139459999999997
PAYRUJLWNCNPSJ-UHFFFAOYSA-N,0.030978140000000001,-0.040838310000000003
FOCAUTSVDIKZOP-UHFFFAOYSA-N,0.024503560000000001,-0.034509930000000001
YXIWHUQXZSMYRE-UHFFFAOYSA-N,0.038949560000000001,-0.037530809999999998
JPMQWSJHCDLANT-UHFFFAOYSA-N,0.020306950000000001,-0.07126296
JYYNAJVZFGKDEQ-UHFFFAOYSA-N,0.02047887,-0.035367179999999998
MCSAJNNLRCFZED-UHFFFAOYSA-N,0.034334549999999998,-0.059589620000000003
LMYRWZFENFIFIT-UHFFFAOYSA-N,0.03155173,-0.052682880000000001
HEDRZPFGACZZDS-UHFFFAOYSA-N,0.021515679999999999,-0.021789889999999999
HCEKGPAHZCYRBZ-UHFFFAOYSA-N,0.02754527,-0.02827439
RWRDLPDLKQPQOW-UHFFFAOYSA-N,0.01404612,-0.038769720000000001
VIZNDSYPXQJMCM-UHFFFAOYSA-N,0.025838259999999998,-0.045805909999999998
YSJKYAHYBFJVKV-UHFFFAOYSA-N,0.0379175,-0.032066740000000003
RWEQEWKAJFTONV-UHFFFAOYSA-N,0.03809245,-0.013442269999999999
ZTQSAGDEMFDKMZ-UHFFFAOYSA-N,0.025385830000000002,-0.032509540000000003
SWIMPUZQSVMCCL-UHFFFAOYSA-N,0.028811,-0.057874799999999997
YNAVUWVOSKDBBP-UHFFFAOYSA-N,0.01639606,-0.036400250000000002
KFZMGEQAYNKOFK-UHFFFAOYSA-N,0.020511120000000001,-0.028995469999999999
AIMREYQYBFBEGQ-UHFFFAOYSA-N,0.03274854,-0.061368369999999998
XOUQAVYLRNOXDO-UHFFFAOYSA-N,0.031850700000000003,-0.05066155
NAIVIVMHCDWBEF-UHFFFAOYSA-N,0.03065321,-0.052245359999999998
NCBZRJODKRCREW-UHFFFAOYSA-N,0.028619229999999999,-0.04667549
OGRAOKJKVGDSFR-UHFFFAOYSA-N,0.029149540000000002,-0.038639300000000001
KPLPKFHCOXVGLK-UHFFFAOYSA-N,0.046734159999999997,-0.079823969999999994
JACMPVXHEARCBO-UHFFFAOYSA-N,0.01363923,-0.041100909999999997
FUNXVDFRBZQHKX-UHFFFAOYSA-N,0.036921259999999997,-0.046871490000000002
AQEFLFZSWDEAIP-UHFFFAOYSA-N,0.013553269999999999,-0.030487690000000001
YXWJGZQOGXGSSC-UHFFFAOYSA-N,0.0097144439999999992,-0.01204905
ISXOBTBCNRIIQO-UHFFFAOYSA-N,0.041710490000000003,-0.060208480000000002
VCYZVXRKYPKDQB-UHFFFAOYSA-N,0.02136147,-0.031957180000000002
YBRBMKDOPFTVDT-UHFFFAOYSA-N,0.01447357,-0.0409881
SRPCLECGIYMIMN-CSKARUKUSA-N,0.02649367,-0.057935609999999998
FSPSELPMWGWDRY-UHFFFAOYSA-N,0.02739979,-0.032246339999999998
KSMVZQYAVGTKIV-UHFFFAOYSA-N,0.023361159999999999,-0.032963489999999998
UFWIBTONFRDIAS-UHFFFAOYSA-N,0.02272536,-0.04162308
QVWDCTQRORVHHT-UHFFFAOYSA-N,0.029624439999999998,-0.035465289999999997
JIKUXBYRTXDNIY-UHFFFAOYSA-N,0.031843549999999998,-0.040385730000000002
CODXZFSZJFCVBE-UHFFFAOYSA-N,0.02606381,-0.03897014
NWVVVBRKAWDGAB-UHFFFAOYSA-N,0.035338340000000003,-0.035890289999999998
VAYTZRYEBVHVLE-UHFFFAOYSA-N,0.04266495,-0.032568159999999999
YXVFYQXJAXKLAK-UHFFFAOYSA-N,0.034149289999999999,-0.047624199999999998
MNOJRWOWILAHAV-UHFFFAOYSA-N,0.037299539999999999,-0.03571999
WBJINCZRORDGAQ-UHFFFAOYSA-N,0.035244949999999997,-0.034371430000000001
GYCPLYCTMDTEPU-UHFFFAOYSA-N,0.027213660000000001,-0.028270670000000001
XSQWEWUZBUNKAO-UHFFFAOYSA-N,0.028959349999999998,-0.038467019999999998
IMRWILPUOVGIMU-UHFFFAOYSA-N,0.024717550000000001,-0.033464019999999997
NAMYKGVDVNBCFQ-UHFFFAOYSA-N,0.01405358,-0.0092728979999999999
DZBUGLKDJFMEHC-UHFFFAOYSA-N,0.027668959999999999,-0.03824843
UQEAIHBTYFGYIE-UHFFFAOYSA-N,0.087353020000000003,-0.018586470000000001
PYLWMHQQBFSUBP-UHFFFAOYSA-N,0.02099674,-0.028900479999999999
KWKXNDCHNDYVRT-UHFFFAOYSA-N,0.017074659999999998,-0.050513309999999999
BULLHNJGPPOUOX-UHFFFAOYSA-N,0.019098070000000002,-0.02914624
QRPMWVNREKTPOV-UHFFFAOYSA-N,0.016890430000000001,-0.039217269999999999
XEKOWRVHYACXOJ-UHFFFAOYSA-N,0.019035980000000001,-0.036377760000000002
RDOXTESZEPMUJZ-UHFFFAOYSA-N,0.02227167,-0.052090879999999999
CYCKHTAVNBPQDB-UHFFFAOYSA-N,0.031495229999999999,-0.037178040000000002
SAANJXKHPZBABZ-UHFFFAOYSA-N,0.026539989999999999,-0.054845119999999997
RKSOPLXZQNSWAS-UHFFFAOYSA-N,0.0147017,-0.0099270890000000001
KUFFULVDNCHOFZ-UHFFFAOYSA-N,0.02911834,-0.037160470000000001
BGTOWKSIORTVQH-UHFFFAOYSA-N,0.01410842,-0.034960789999999999
NLHHRLWOUZZQLW-UHFFFAOYSA-N,0.028266070000000001,-0.023903549999999999
KJRCEJOSASVSRA-UHFFFAOYSA-N,0.013044979999999999,-0.024568429999999999
ZRLDBDZSLLGDOX-UHFFFAOYSA-N,0.019828439999999999,-0.047274070000000001
ORPHOKOVVUFNKE-UHFFFAOYSA-N,0.02646577,-0.059810960000000003
WZJYKHNJTSNBHV-UHFFFAOYSA-N,0.02771156,-0.041727159999999999
RFKMCNOHBTXSMU-UHFFFAOYSA-N,0.019426599999999999,-0.029013069999999998
FUZZWVXGSFPDMH-UHFFFAOYSA-N,0.02070344,-0.037479480000000003
BAPJBEWLBFYGME-UHFFFAOYSA-N,0.025141489999999999,-0.034656609999999997
XXBDWLFCJWSEKW-UHFFFAOYSA-N,0.015835020000000002,-0.050668890000000001
BHHGXPLMPWCGHP-UHFFFAOYSA-N,0.018884410000000001,-0.046718210000000003
SLYRGJDSFOCAAI-UHFFFAOYSA-N,0.030217399999999998,-0.037810169999999997
DHYHYLGCQVVLOQ-UHFFFAOYSA-N,0.034179679999999997,-0.040848700000000002
MNOILHPDHOHILI-UHFFFAOYSA-N,0.021751050000000001,-0.040011739999999997
VZXXYILNWWRSGE-OCAPTIKFSA-N,0.016233879999999999,-0.03007603
CPWSNJSGSXXVLD-CHIWXEEVSA-N,0.01023223,-0.025185659999999999
STCOOQWBFONSKY-UHFFFAOYSA-N,0.018188269999999999,-0.071781919999999999
IQZZFVDIZRWADY-UHFFFAOYSA-N,0.032456029999999997,-0.044375129999999999
DSSYKIVIOFKYAU-XCBNKYQSSA-N,0.015775979999999998,-0.03506538
ULYZAYCEDJDHCC-UHFFFAOYSA-N,0.01431348,-0.016854729999999998
XTAZYLNFDRKIHJ-UHFFFAOYSA-N,0.0087088500000000006,-9.5646269999999998
DXVVZIGSMCTRDV-UHFFFAOYSA-N,0.052111730000000002,-0.072665170000000001
LSXWFXONGKSEMY-UHFFFAOYSA-N,0.01078965,-0.040475259999999999
BMVXCPBXGZKUPN-UHFFFAOYSA-N,0.01505607,-0.041378430000000001
DHIVLKMGKIZOHF-UHFFFAOYSA-N,0.015866789999999999,-0.021364009999999999
JWAZRIHNYRIHIV-UHFFFAOYSA-N,0.034801499999999999,-0.043267180000000002
LEIMLDGFXIOXMT-UHFFFAOYSA-N,0.061020289999999998,-0.026342310000000001
ASHGTJPOSUFTGB-UHFFFAOYSA-N,0.030707669999999999,-0.037177950000000001
ZZWJQCJQAXZVOM-UHFFFAOYSA-N,0.01969195,-0.036205609999999999
KIDHWZJUCRJVML-UHFFFAOYSA-N,0.015761730000000002,-0.040282249999999999
BHTSNYQWLQLLOD-WUQLGEGHSA-N,0.014914119999999999,-0.033619990000000002
SYMPSOJKDIMXKZ-UHFFFAOYSA-N,0.02193326,-0.054854609999999998
HXQHRUJXQJEGER-UHFFFAOYSA-N,0.029149419999999999,-0.041654190000000001
WJQWYAJTPPYORB-UHFFFAOYSA-N,0.040115770000000002,-0.062916710000000001
LSBIUXKNVUBKRI-UHFFFAOYSA-N,0.025786050000000001,-0.037259149999999998
ZUTYZAFDFLLILI-QMMMGPOBSA-N,0.032824510000000001,-0.049625519999999999
RIFKADJTWUGDOV-UHFFFAOYSA-N,0.018435400000000001,-0.033945719999999999
MSXVEPNJUHWQHW-UHFFFAOYSA-N,0.019686660000000002,-0.029867979999999999
XULIXFLCVXWHRF-UHFFFAOYSA-N,0.014316219999999999,-0.038367199999999997
HFZKOYWDLDYELC-UHFFFAOYSA-N,0.033296850000000003,-0.061043880000000002
YVBMXGVGOLXFFS-UHFFFAOYSA-N,0.0311776,-0.036278930000000001
KYVBNYUBXIEUFW-UHFFFAOYSA-N,0.015062539999999999,-0.040731110000000001
DACIGVIOAFXPHW-CDECOKDKSA-N,0.02056877,-0.035133329999999997
YKOQQFDCCBKROY-UHFFFAOYSA-N,0.023070830000000001,-0.041013130000000002
BRRVYBRXLUEEJP-UHFFFAOYSA-N,0.023917810000000001,-0.05346012
BSKHPKMHTQYZBB-UHFFFAOYSA-N,0.02095559,-0.03387428
ATHHXGZTWNVVOU-UHFFFAOYSA-N,0.040349129999999997,-0.04034977
GAZZTEJDUGESGQ-UHFFFAOYSA-N,0.047654519999999999,-0.056911129999999997
SXVPOSFURRDKBO-UHFFFAOYSA-N,0.019251379999999998,-0.031380959999999999
JJHHIJFTHRNPIK-UHFFFAOYSA-N,0.050081720000000003,-0.066492280000000001
CFPIZMWTMRWZRO-UHFFFAOYSA-N,0.035266390000000002,-0.066845440000000006
LRDFRRGEGBBSRN-UHFFFAOYSA-N,0.021711029999999999,-0.024775470000000001
MTPBUCCXRGSDCR-UHFFFAOYSA-N,0.021785249999999999,-0.047159550000000001
PLUBXMRUUVWRLT-UHFFFAOYSA-N,0.035880570000000001,-0.04483666
FQDXJYBXPOMIBX-UHFFFAOYSA-N,0.041862499999999997,-0.01921438
JPGQOUSTVILISH-SFOWXEAESA-N,0.033182330000000003,-0.026493030000000001
JVZRCNQLWOELDU-UHFFFAOYSA-N,0.026837090000000001,-0.047955240000000003
HPNMFZURTQLUMO-UHFFFAOYSA-N,0.013979119999999999,-0.040014319999999999
GYHSJCJMDZRRJG-UHFFFAOYSA-N,0.03603899,-0.084378599999999998
GETQZCLCWQTVFV-UHFFFAOYSA-N,0.0086185949999999997,-0.04121652
OWIKHYCFFJSOEH-UHFFFAOYSA-N,0.045027150000000002,-0.022233070000000001
JECUZQLBQKNEMW-UHFFFAOYSA-N,0.027994740000000001,-0.049493860000000001
SQCZQTSHSZLZIQ-UHFFFAOYSA-N,0.012270329999999999,-0.016668909999999999
VDFVNEFVBPFDSB-UHFFFAOYSA-N,0.015592160000000001,-0.043256290000000003
RYHBNJHYFVUHQT-UHFFFAOYSA-N,0.01468181,-0.027781119999999999
QJQAMHYHNCADNR-UHFFFAOYSA-N,0.034312670000000003,-0.039791430000000003
CHSPMZWZNFDUDE-UHFFFAOYSA-N,0.054264369999999999,-0.069517930000000006
CHZCERSEMVWNHL-UHFFFAOYSA-N,0.047199890000000001,-0.03195481
MHZGKXUYDGKKIU-UHFFFAOYSA-N,0.01508719,-0.040984470000000002
WZADGDPHGLPABW-UHFFFAOYSA-N,0.022173760000000001,-0.060678540000000003
KBEBGUQPQBELIU-CMDGGOBGSA-N,0.028146919999999999,-0.035677069999999998
DURPTKYDGMDSBL-UHFFFAOYSA-N,0.0067590189999999998,-0.03060121
LOCWBQIWHWIRGN-UHFFFAOYSA-N,0.053102459999999997,-0.064467330000000003
UEXCJVNBTNXOEH-UHFFFAOYSA-N,0.034999660000000002,-0.036110969999999999
VYHVQEYOFIYNJP-UHFFFAOYSA-N,0.04412841,-0.029586589999999999
QKPVEISEHYYHRH-UHFFFAOYSA-N,0.02791604,-0.031128550000000001
NUKYPUAOHBNCPY-UHFFFAOYSA-N,0.035438070000000002,-0.038416840000000001
KYEACNNYFNZCST-UHFFFAOYSA-N,0.030034169999999999,-0.029533489999999999
SHQSVMDWKBRBGB-UHFFFAOYSA-N,0.01610236,-0.032502040000000003
YEEMHJNIVXNCSN-ALCCZGGFSA-N,0.03398611,-0.043256320000000001
SVYKKECYCPFKGB-UHFFFAOYSA-N,0.010046340000000001,-0.040069050000000002
CVNOWLNNPYYEOH-UHFFFAOYSA-N,0.041138870000000001,-0.025391440000000001
BWZVCCNYKMEVEX-UHFFFAOYSA-N,0.019187200000000001,-0.035675539999999999
PPBRXRYQALVLMV-UHFFFAOYSA-N,0.02191129,-0.038463039999999997
IWTFOFMTUOBLHG-UHFFFAOYSA-N,0.02094911,-0.03149387
SNZSAFILJOCMFM-UHFFFAOYSA-N,0.030009830000000001,-0.085721080000000005
WPGHPGAUFIJVJF-UHFFFAOYSA-N,0.023662929999999999,-0.031523049999999997
BAYUSCHCCGXLAY-UHFFFAOYSA-N,0.031498659999999998,-0.031483179999999999
HORNXRXVQWOLPJ-UHFFFAOYSA-N,0.037637009999999999,-0.037703609999999999
YHQMSHVVGOSZEW-UHFFFAOYSA-N,0.032279080000000002,-0.074025850000000004
XTHFKEDIFFGKHM-UHFFFAOYSA-N,0.01177401,-0.026240360000000001
YMBSJQHEFLROIX-UHFFFAOYSA-N,0.02303032,-0.041546119999999999
JJYPMNFTHPTTDI-UHFFFAOYSA-N,0.02691959,-0.046925429999999997
PERWAYOEWJEJNO-UHFFFAOYSA-N,0.034695139999999999,-0.043548419999999997
KIPSRYDSZQRPEA-UHFFFAOYSA-N,0.024297559999999999,-0.026625940000000001
HONIICLYMWZJFZ-UHFFFAOYSA-N,0.0143047,-0.04142887
SMZHKGXSEAGRTI-UHFFFAOYSA-N,0.020528069999999999,-0.03298123
HVCFCNAITDHQFX-UHFFFAOYSA-N,0.01924383,-0.03416019
CYNYIHKIEHGYOZ-UHFFFAOYSA-N,0.0129076,-0.009013788
QZVQQUVWFIZUBQ-UHFFFAOYSA-N,0.035286709999999999,-0.036849519999999997
UHOVQNZJYSORNB-UHFFFAOYSA-N,0.01573364,-0.032476940000000003
NHQDETIJWKXCTC-UHFFFAOYSA-N,0.028684149999999999,-0.036525429999999998
CTAPFRYPJLPFDF-UHFFFAOYSA-N,0.03411016,-0.035277599999999999
IEJIGPNLZYLLBP-UHFFFAOYSA-N,0.020417600000000001,-0.034200639999999997
CELKOWQJPVJKIL-UHFFFAOYSA-N,0.02568078,-0.027370240000000001
TZAJCDOWOPBMKD-UHFFFAOYSA-N,0.030608110000000001,-0.043202049999999999
VAJCYQHLYBTSHG-UHFFFAOYSA-N,0.020977030000000001,-0.042269979999999999
DAZXVJBJRMWXJP-UHFFFAOYSA-N,0.0099119740000000005,-0.03966128
DEHSPEZTBSYMPL-UHFFFAOYSA-N,0.03304675,-0.07660786
SJNALLRHIVGIBI-UHFFFAOYSA-N,0.027891949999999999,-0.029459869999999999
UGEJOEBBMPOJMT-UHFFFAOYSA-N,0.044222820000000003,-0.033013859999999999
BZLVMXJERCGZMT-UHFFFAOYSA-N,0.01075538,-0.029629010000000001
DKPFZGUDAPQIHT-UHFFFAOYSA-N,0.018789320000000002,-0.038235230000000002
ULTHEAFYOOPTTB-UHFFFAOYSA-N,0.01808131,-0.0099847119999999998
ZPTVNYMJQHSSEA-UHFFFAOYSA-N,0.033844819999999998,-0.060333770000000002
ADSOSINJPNKUJK-UHFFFAOYSA-N,0.01943634,-0.034733239999999999
GGDYAKVUZMZKRV-UHFFFAOYSA-N,0.026138189999999999,-0.01931213
SQNZJJAZBFDUTD-UHFFFAOYSA-N,0.015479140000000001,-0.037146020000000002
VEDXNNRTYCLCMP-UHFFFAOYSA-N,0.046010160000000001,-0.047487580000000001
DIKBFYAXUHHXCS-UHFFFAOYSA-N,0.017704419999999998,-0.01426239
XEJIHKUDPINBCS-UHFFFAOYSA-N,0.04002874,-0.044900460000000003
PDQRQJVPEFGVRK-UHFFFAOYSA-N,0.025421369999999999,-0.028997660000000001
JTPZTKBRUCILQD-UHFFFAOYSA-N,0.028598700000000001,-0.045650839999999998
MCTWTZJPVLRJOU-UHFFFAOYSA-N,0.034415250000000001,-0.048331899999999997
WNXJIVFYUVYPPR-UHFFFAOYSA-N,0.015656940000000001,-0.0264262
RENMDAKOXSCIGH-UHFFFAOYSA-N,0.02872166,-0.023839559999999999
AAPLIUHOKVUFCC-UHFFFAOYSA-N,0.057401239999999999,-0.036909650000000002
CSDUKRUFTFEFBO-PGNZUDIJSA-N,0.05300589,-0.0098484060000000005
GUVUOGQBMYCBQP-UHFFFAOYSA-N,0.020146910000000001,-0.046904710000000002
PKAHQJNJPDVTDP-UHFFFAOYSA-N,0.018745589999999999,-0.034567819999999999
BEZDDPMMPIDMGJ-UHFFFAOYSA-N,0.01545644,-0.041573359999999997
KUAYZLXOOIEGDN-UHFFFAOYSA-N,0.058850319999999998,-0.056165569999999998
JBTWLSYIZRCDFO-UHFFFAOYSA-N,0.019647589999999999,-0.035704239999999998
GAEKPEKOJKCEMS-BYPYZUCNSA-N,0.022545659999999999,-0.052538500000000002
PMDCZENCAXMSOU-UHFFFAOYSA-N,0.035815199999999998,-0.042602309999999997
FDDDTDSPQXLQFY-UHFFFAOYSA-N,0.029855,-0.042726319999999998
DQWXPGSGBJVHPN-UHFFFAOYSA-N,0.035744310000000001,-0.024964859999999998
HAPOVYFOVVWLRS-SSDOTTSWSA-N,0.023792839999999999,-0.029770620000000001
LOWMYOWHQMKBTM-UHFFFAOYSA-N,0.042123290000000001,-0.060966909999999999
XNBKKRFABABBPM-UHFFFAOYSA-N,0.025566599999999998,-0.053100139999999997
PFCHFHIRKBAQGU-UHFFFAOYSA-N,0.0182247,-0.032119929999999998
VMOIPIVQHVFUFO-UHFFFAOYSA-N,0.030662539999999999,-0.040458010000000003
PAAZPARNPHGIKF-UHFFFAOYSA-N,0.013541829999999999,-0.0055415339999999999
SMBILOIZRKUZPE-UHFFFAOYSA-N,0.02342137,-0.058008629999999999
FFNVQNRYTPFDDP-UHFFFAOYSA-N,0.031066440000000001,-0.032585549999999998
ZQWPRMPSCMSAJU-UHFFFAOYSA-N,0.016763630000000002,-0.036302969999999997
XDJAAZYHCCRJOK-UHFFFAOYSA-N,0.031193470000000001,-0.026885260000000001
WDAXFOBOLVPGLV-UHFFFAOYSA-N,0.016101560000000001,-0.038173720000000001
OCVLSHAVSIYKLI-UHFFFAOYSA-N,0.039396790000000001,-0.031357570000000001
AVPYQKSLYISFPO-UHFFFAOYSA-N,0.031592200000000001,-0.030101960000000001
BVSPJPNNLDIUFE-UHFFFAOYSA-N,0.02617622,-0.051885399999999998
JLGPMOJYECOCEP-UHFFFAOYSA-N,0.033352699999999999,-0.056369879999999997
PZIMIYVOZBTARW-UHFFFAOYSA-N,0.021827860000000001,-0.060362810000000003
XWEFKJNJSVXMOD-UHFFFAOYSA-N,0.029981609999999999,-0.03903355
LBUJPTNKIBCYBY-UHFFFAOYSA-N,0.02535511,-0.047530990000000002
FJKIXWOMBXYWOQ-UHFFFAOYSA-N,0.02032525,-0.034431169999999997
HUDYANRNMZDQGA-UHFFFAOYSA-N,0.029011390000000001,-0.038641620000000002
XRYKNXGXIFPTKH-UHFFFAOYSA-N,0.0094409049999999994,-0.027973319999999999
XZNOAVNRSFURIR-UHFFFAOYSA-N,0.038688800000000002,-0.0084926010000000007
NURQLCJSMXZBPC-UHFFFAOYSA-N,0.02224897,-0.034836590000000001
LRHPLDYGYMQRHN-UHFFFAOYSA-N,0.01949569,-0.028296269999999998
CTQNGGLPUBDAKN-UHFFFAOYSA-N,0.016162760000000002,-0.0357349
AJFDBNQQDYLMJN-UHFFFAOYSA-N,0.024328550000000001,-0.042165559999999998
XQABVLBGNWBWIV-UHFFFAOYSA-N,0.025582529999999999,-0.033957389999999997
FIQMHBFVRAXMOP-UHFFFAOYSA-N,0.02959784,-0.081804379999999996
ARCZSDSOONGBRX-UHFFFAOYSA-N,0.045709510000000002,-0.052266140000000003
GGYVTHJIUNGKFZ-UHFFFAOYSA-N,0.017572419999999998,-0.042925709999999999
ISPYQTSUDJAMAB-UHFFFAOYSA-N,0.02196534,-0.039214800000000001
OPXCUUJACRRYMC-UHFFFAOYSA-N,0.0211988,-0.063763360000000005
NUJGJRNETVAIRJ-UHFFFAOYSA-N,0.023815240000000001,-0.032881510000000003
LYDRKKWPKKEMNZ-UHFFFAOYSA-N,0.022726920000000001,-0.039738009999999997
VFTFKUDGYRBSAL-UHFFFAOYSA-N,0.014804609999999999,-0.02927691
WMQUKDQWMMOHSA-UHFFFAOYSA-N,0.033489240000000003,-0.029315279999999999
OIWFZENWZGPLQZ-UHFFFAOYSA-N,0.021721549999999999,-0.044198750000000002
RWCCWEUUXYIKHB-UHFFFAOYSA-N,0.021799869999999999,-0.04798798
HKTSLDUAGCAISP-UHFFFAOYSA-N,0.021961419999999999,-0.053794549999999997
JITPLZPWKYUTDM-UHFFFAOYSA-N,0.04278498,-0.044805789999999998
FQAMAOOEZDRHHB-UHFFFAOYSA-N,0.023532709999999998,-0.01831232
RHMPLDJJXGPMEX-UHFFFAOYSA-N,0.041481860000000002,-0.028925429999999999
GXHHFMZALQKUFL-UHFFFAOYSA-N,0.055491810000000003,-0.048255659999999999
FGLBSLMDCBOPQK-UHFFFAOYSA-N,0.034098999999999997,-0.054429400000000003
OLJDIRLJSRSJNR-UHFFFAOYSA-N,0.033592799999999999,-0.043442910000000001
IYIAWAACGTUPCC-UHFFFAOYSA-N,0.02019342,-0.051828720000000002
JWVNPUBYKCSIKR-UHFFFAOYSA-N,0.029809550000000001,-0.03897552
XXROGKLTLUQVRX-UHFFFAOYSA-N,0.023054229999999998,-0.031895130000000001
MFEIKQPHQINPRI-UHFFFAOYSA-N,0.02006958,-0.033564049999999998
NVPICXQHSYQKGM-UHFFFAOYSA-N,0.016738659999999999,-0.033144800000000002
GJNGXPDXRVXSEH-UHFFFAOYSA-N,0.02515158,-0.02321082
IENJMFWWRIWLIW-UHFFFAOYSA-N,0.03726579,-0.035694719999999999
RFVHVYKVRGKLNK-UHFFFAOYSA-N,0.026172259999999999,-0.047547220000000001
GRHBQAYDJPGGLF-UHFFFAOYSA-N,0.039979590000000002,-0.033240779999999998
AZQWKYJCGOJGHM-UHFFFAOYSA-N,0.023276020000000001,-0.01875423
JUNNTRSMCCUKGG-UHFFFAOYSA-N,0.032803300000000001,-0.064560300000000001
GVALSXYCLDABKT-UHFFFAOYSA-N,0.02624342,-0.061242650000000003
QMMFVYPAHWMCMS-UHFFFAOYSA-N,0.012434000000000001,-0.024705600000000001
RZXMPPFPUUCRFN-UHFFFAOYSA-N,0.026971849999999999,-0.047084769999999998
PPMDSXRMQXBCJW-UHFFFAOYSA-N,0.025081610000000001,-0.074867160000000002
SJRJJKPEHAURKC-UHFFFAOYSA-N,0.01228453,-0.038957230000000002
QHSCXYZVJCEABQ-UHFFFAOYSA-N,0.02684717,-0.031948320000000002
JMVIVASFFKKFQK-UHFFFAOYSA-N,0.02557947,-0.050138960000000003
YEJRWHAVMIAJKC-UHFFFAOYSA-N,0.022821890000000001,-0.052463910000000002
WURBFLDFSFBTLW-UHFFFAOYSA-N,0.02460387,-0.045838999999999998
LCZUOKDVTBMCMX-UHFFFAOYSA-N,0.026591320000000002,-0.030253869999999999
BBLDTXFLAHKYFJ-UHFFFAOYSA-N,0.0084113609999999991,-0.035297099999999998
SGHBRHKBCLLVCI-UHFFFAOYSA-N,0.043889919999999999,-0.024575920000000001
MOZAVBNQQPUPNA-UHFFFAOYSA-N,0.03537212,-0.036627300000000002
KFDVPJUYSDEJTH-UHFFFAOYSA-N,0.031352829999999998,-0.03396834
RTZZCYNQPHTPPL-UHFFFAOYSA-N,0.048195689999999999,-0.054537250000000002
GCDVQIPVANUWJO-UHFFFAOYSA-N,0.038141759999999997,-0.053734079999999997
FYHIXFCITOCVKH-UHFFFAOYSA-N,0.020756940000000002,-0.046818220000000001
BTANRVKWQNVYAZ-SCSAIBSYSA-N,0.018613109999999999,-0.02936449
RJGDLRCDCYRQOQ-UHFFFAOYSA-N,0.025772929999999999,-0.035209589999999999
LFSAPCRASZRSKS-LURJTMIESA-N,0.017257100000000001,-0.034279370000000003
PIOZWDBMINZWGJ-UHFFFAOYSA-N,0.049684859999999997,-9.8856140000000003
KGIGUEBEKRSTEW-UHFFFAOYSA-N,0.025012739999999999,-0.032931780000000001
FCLOSAGZCUDMFV-UHFFFAOYSA-N,0.03781064,-0.051442469999999997
MVUMJYQUKKUOHO-AATRIKPKSA-N,0.034989680000000002,-0.047131039999999999
BOHCMQZJWOGWTA-UHFFFAOYSA-N,0.027704920000000001,-0.026096669999999999
OOWFYDWAMOKVSF-UHFFFAOYSA-N,0.017855320000000001,-0.022649470000000001
XIAJQOBRHVKGSP-UHFFFAOYSA-N,0.016312159999999999,-0.031713030000000003
WFJSIIHYYLHRHB-UHFFFAOYSA-N,0.022031519999999999,-0.02352419
JAMNHZBIQDNHMM-UHFFFAOYSA-N,0.02504437,-0.025313209999999999
VJNGGOMRUHYAMC-UHFFFAOYSA-N,0.03509164,-0.02993409
UMPRJGKLMUDRHL-UHFFFAOYSA-N,0.024202939999999999,-0.0316998
OZJPLYNZGCXSJM-UHFFFAOYSA-N,0.024216870000000001,-0.053976419999999997
UIQGEWJEWJMQSL-UHFFFAOYSA-N,0.019539040000000001,-0.034564449999999997
PAFZNILMFXTMIY-UHFFFAOYSA-N,0.01432195,-0.040716370000000002
NRGGMCIBEHEAIL-UHFFFAOYSA-N,0.019701070000000001,-0.03443595
QHPQWRBYOIRBIT-UHFFFAOYSA-N,0.035029589999999999,-0.049200260000000003
MIIWISWSCMVZHG-UHFFFAOYSA-N,0.041205640000000002,-0.06939795
OCGWWLDZAFOHGD-UHFFFAOYSA-N,0.036559220000000003,-0.029738770000000001
JNELGWHKGNBSMD-UHFFFAOYSA-N,0.02541322,-0.035434680000000003
HCIBTBXNLVOFER-UHFFFAOYSA-N,0.031951029999999998,-0.03867081
FJBFPHVGVWTDIP-UHFFFAOYSA-N,0.016882169999999998,-0.01093452
ZZTSQZQUWBFTAT-UHFFFAOYSA-N,0.023902690000000001,-0.034115689999999997
CSTJIJYJEWKYGH-UHFFFAOYSA-N,0.027134350000000002,-0.052359780000000002
ZWXPDGCFMMFNRW-UHFFFAOYSA-N,0.017950649999999999,-0.043616080000000002
MTZQAGJQAFMTAQ-UHFFFAOYSA-N,0.02328686,-0.035035160000000003
ZYPLZLQKRFFKCL-UHFFFAOYSA-N,0.038268980000000001,-0.041821469999999999
SMNMEJQTBGWHLI-UHFFFAOYSA-N,0.021452820000000001,-0.048557759999999998
SEEYREPSKCQBBF-UHFFFAOYSA-N,0.031764599999999997,-0.024041980000000001
MCROFHCOHPROAE-UHFFFAOYSA-N,0.038817740000000003,-0.05146452
WVDDGKGOMKODPV-UHFFFAOYSA-N,0.024932780000000002,-0.038764489999999999
UKROGNGFIXLRHI-UHFFFAOYSA-N,0.024393189999999999,-0.06153811
RJSZFWIUDNOVNP-UHFFFAOYSA-N,0.019751310000000001,-0.039734869999999999
RXYPXQSKLGGKOL-UHFFFAOYSA-N,0.0092259230000000005,-0.041402679999999997
NYPYPOZNGOXYSU-UHFFFAOYSA-N,0.024224800000000001,-0.02919778
BUZYGTVTZYSBCU-UHFFFAOYSA-N,0.03001999,-0.030690660000000002
YNBADRVTZLEFNH-UHFFFAOYSA-N,0.028211400000000001,-0.030886130000000001
PGJYYCIOYBZTPU-UHFFFAOYSA-N,0.034147740000000003,-0.03040085
BUFHMXOHXTZRDH-UHFFFAOYSA-N,0.019786129999999999,-0.042004970000000003
BYEAHWXPCBROCE-UHFFFAOYSA-N,0.03614912,-0.015751790000000002
UEALYGMEMQDEMQ-UHFFFAOYSA-N,0.026070630000000001,-0.046305909999999999
YQYGPGKTNQNXMH-UHFFFAOYSA-N,0.04206824,-0.054570010000000002
WPYMKLBDIGXBTP-UHFFFAOYSA-N,0.025393519999999999,-0.033519559999999997
RFFFKMOABOFIDF-UHFFFAOYSA-N,0.021648250000000001,-0.024445979999999999
HXDOZKJGKXYMEW-UHFFFAOYSA-N,0.033179500000000001,-0.035036440000000002
NKDDWNXOKDWJAK-UHFFFAOYSA-N,0.014854610000000001,-0.027331890000000001
GPHQHTOMRSGBNZ-UHFFFAOYSA-N,0.02953445,-0.021994929999999999
NEKCOKJRDOPRSK-UHFFFAOYSA-N,0.033695830000000003,-0.046943459999999999
PYEHNKXDXBNHQQ-UHFFFAOYSA-N,0.037027900000000002,-0.044186509999999998
STABAPSYCQFWOK-UHFFFAOYSA-N,0.02606663,-0.037126819999999998
AVFZOVWCLRSYKC-UHFFFAOYSA-N,0.0074787990000000004,-0.04118252
JLSSWDFCYXSLQX-UHFFFAOYSA-N,0.028623010000000001,-0.02755461
OOHAUGDGCWURIT-UHFFFAOYSA-N,0.0082897370000000001,-0.045017729999999999
TVDSBUOJIPERQY-UHFFFAOYSA-N,0.035959350000000001,-0.036578899999999998
NLHAIPFBNQZTMY-UHFFFAOYSA-N,0.03623879,-0.03681392
FERIUCNNQQJTOY-UHFFFAOYSA-N,0.020655030000000001,-0.036572250000000001
PYOKUURKVVELLB-UHFFFAOYSA-N,0.017787310000000001,-0.059414019999999998
BNWQEHYYXTVKOF-UHFFFAOYSA-N,0.039355380000000002,-0.045527829999999998
QWPYVYJPIHGYGX-RZIOALPKSA-N,0.026871720000000002,-0.056043080000000002
UCCTWLQOBSQILV-UHFFFAOYSA-N,0.01989933,-0.059718
WDGYPUOJGIEZMO-CSKARUKUSA-N,0.048631109999999998,-0.065545329999999999
WSJNYOVBJSOQST-UHFFFAOYSA-N,0.023255609999999999,-0.039253089999999997
AFHUWZFARIICFX-UHFFFAOYSA-N,0.027640540000000002,-0.050573109999999998
VEFLKXRACNJHOV-UHFFFAOYSA-N,0.014826799999999999,-0.01167464
HOLHYSJJBXSLMV-UHFFFAOYSA-N,0.02523997,-0.037712559999999999
SVHOVVJFOWGYJO-UHFFFAOYSA-N,0.02565251,-0.041670220000000001
DKNWSYNQZKUICI-CHIWXEEVSA-N,0.013911369999999999,-0.04020899
WXBWKMLIVXELSF-UHFFFAOYSA-N,0.025824670000000001,-0.036796000000000002
LYGJENNIWJXYER-UHFFFAOYSA-N,0.037276129999999998,-0.056849999999999998
LORVDQSPQDOFQN-UHFFFAOYSA-N,0.040225179999999999,-0.037856550000000003
PEEHTFAAVSWFBL-UHFFFAOYSA-N,0.033080470000000001,-0.023458030000000001
LKXYJYDRLBPHRS-UHFFFAOYSA-N,0.01407482,-0.014230690000000001
BEUGBYXJXMVRFO-UHFFFAOYSA-N,0.027468530000000001,-0.05283032
VVBLNCFGVYUYGU-UHFFFAOYSA-N,0.02587588,-0.054044389999999998
JXTHNDFMNIQAHM-UHFFFAOYSA-N,0.027558470000000002,-0.0278827
UMURLIQHQSKULR-UHFFFAOYSA-N,0.035940319999999998,-0.04480311
PSOSICZGLLPDFA-UHFFFAOYSA-N,0.032021330000000001,-0.027104260000000002
VQHPRVYDKRESCL-CHIWXEEVSA-N,0.01043036,-0.01102906
BPRYUXCVCCNUFE-UHFFFAOYSA-N,0.023929269999999999,-0.036914410000000002
MTJVUMGKHCIMJL-UHFFFAOYSA-N,0.021446759999999999,-0.04205921
KLSLBUSXWBJMEC-UHFFFAOYSA-N,0.029268840000000001,-0.049186870000000001
IMNDHOCGZLYMRO-UHFFFAOYSA-N,0.022394850000000001,-0.05417392
YRHRIQCWCFGUEQ-UHFFFAOYSA-N,0.035861070000000002,-0.040840380000000003
ONIHPYYWNBVMID-UHFFFAOYSA-N,0.023170909999999999,-0.029640630000000001
OBNCKNCVKJNDBV-UHFFFAOYSA-N,0.017987070000000001,-0.03835272
SJTBRFHBXDZMPS-UHFFFAOYSA-N,0.0379858,-0.030266899999999999
RHQDFWAXVIIEBN-UHFFFAOYSA-N,0.030095440000000001,-0.024146379999999999
BUDQDWGNQVEFAC-UHFFFAOYSA-N,0.01930962,-0.036051300000000001
GJRQTCIYDGXPES-UHFFFAOYSA-N,0.019606289999999998,-0.038065179999999997
ZOUYLAPTOZAWHX-UHFFFAOYSA-N,0.047150329999999997,-0.05167505
ZNSMNVMLTJELDZ-UHFFFAOYSA-N,0.01427845,-0.016997600000000002
YLQBMQCUIZJEEH-UHFFFAOYSA-N,0.026255730000000001,-0.05012581
DETZZVPMDQPJIC-UHFFFAOYSA-N,0.038597449999999998,-0.079188949999999994
AHHWIHXENZJRFG-UHFFFAOYSA-N,0.013043890000000001,-0.031771019999999997
APLHDUWNMGJBFD-UHFFFAOYSA-N,0.032066219999999999,-0.034717629999999999
WTKZEGDFNFYCGP-UHFFFAOYSA-N,0.042993610000000002,-0.05076667
XBPPLECAZBTMMK-UHFFFAOYSA-N,0.025427450000000001,-0.040396170000000002
MQBNSGDDWSWJLR-UHFFFAOYSA-N,0.030482909999999998,-0.047492659999999999
OZKOMUDCMCEDTM-UHFFFAOYSA-N,0.031909880000000002,-0.038762100000000001
YMWUJEATGCHHMB-UHFFFAOYSA-N,0.018056059999999999,-0.022959770000000001
PTTPXKJBFFKCEK-UHFFFAOYSA-N,0.016863329999999999,-0.03117019
FMWLUWPQPKEARP-UHFFFAOYSA-N,0.020188399999999999,-0.021325
FZWLAAWBMGSTSO-UHFFFAOYSA-N,0.03158499,-0.039892200000000003
YZERDTREOUSUHF-UHFFFAOYSA-N,0.02941585,-0.027290140000000001
SBYHFKPVCBCYGV-UHFFFAOYSA-N,0.0086224979999999993,-0.041135730000000002
KWOLFJPFCHCOCG-UHFFFAOYSA-N,0.026989329999999999,-0.032228050000000001
IRNRNPNZAKHEAW-UHFFFAOYSA-N,0.030073490000000001,-0.039668429999999998
XTGOWLIKIQLYRG-UHFFFAOYSA-N,0.0078977800000000001,-0.021795829999999999
NUMQCACRALPSHD-UHFFFAOYSA-N,0.010487130000000001,-0.03028177
WGQKYBSKWIADBV-UHFFFAOYSA-N,0.02857587,-0.036845049999999997
SCYULBFZEHDVBN-UHFFFAOYSA-N,0.017223769999999999,-0.028306649999999999
MBTGBRYMJKYYOE-UHFFFAOYSA-N,0.032843410000000003,-0.037657499999999997
DHXVGJBLRPWPCS-UHFFFAOYSA-N,0.010054830000000001,-0.031207660000000002
OYRRZWATULMEPF-UHFFFAOYSA-N,0.039845690000000003,-0.036409440000000001
NYYLZXREFNYPKB-UHFFFAOYSA-N,0.025384710000000001,-0.074979180000000006
WXNZTHHGJRFXKQ-UHFFFAOYSA-N,0.035125070000000001,-0.038129709999999997
WJYIASZWHGOTOU-UHFFFAOYSA-N,0.01494755,-0.041433159999999997
WGYKZJWCGVVSQN-UHFFFAOYSA-N,0.01534164,-0.040281560000000001
HXRJCRXYCLFNPC-UHFFFAOYSA-N,0.0399184,-0.069230630000000001
PAMJENUKCYUKLC-UHFFFAOYSA-N,0.03203172,-0.058442290000000001
XIFJZJPMHNUGRA-UHFFFAOYSA-N,0.04741836,-0.066313609999999995
RVAQSYWDOSHWGP-UHFFFAOYSA-N,0.021851039999999999,-0.071565340000000005
FDPIMTJIUBPUKL-UHFFFAOYSA-N,0.019516490000000001,-0.03377281
PNPCRKVUWYDDST-UHFFFAOYSA-N,0.031358249999999997,-0.043303759999999997
XZIAFENWXIQIKR-UHFFFAOYSA-N,0.02285539,-0.032403380000000002
PWRBCZZQRRPXAB-UHFFFAOYSA-N,0.023580509999999999,-0.032702229999999999
WDNBURPWRNALGP-UHFFFAOYSA-N,0.036541949999999997,-0.040832189999999997
SVEUVITYHIHZQE-UHFFFAOYSA-N,0.029358220000000001,-0.046369460000000001
SUNMBRGCANLOEG-UHFFFAOYSA-N,0.035527089999999997,-0.034739659999999999
KZTYYGOKRVBIMI-UHFFFAOYSA-N,0.026906670000000001,-0.055775569999999997
FAXDZWQIWUSWJH-UHFFFAOYSA-N,0.01359436,-0.040595989999999998
VYHBFRJRBHMIQZ-UHFFFAOYSA-N,0.039848910000000001,-0.031178210000000001
NUOGEPIJFRZXIN-UHFFFAOYSA-N,0.02654273,-0.04919958
CZPWVGJYEJSRLH-UHFFFAOYSA-N,0.025618729999999999,-0.029231980000000001
NTPLXRHDUXRPNE-UHFFFAOYSA-N,0.027007940000000001,-0.033703110000000001
YNQLUTRBYVCPMQ-UHFFFAOYSA-N,0.01602203,-0.034287520000000002
AUHZEENZYGFFBQ-UHFFFAOYSA-N,0.015487620000000001,-0.036910520000000002
KPSSIOMAKSHJJG-UHFFFAOYSA-N,0.020168060000000002,-0.02244459
CSJAXRKDCCWCSJ-UHFFFAOYSA-N,0.043379180000000003,-0.042518979999999998
IZXIZTKNFFYFOF-UHFFFAOYSA-N,0.03638044,-0.048684680000000001
HUMNYLRZRPPJDN-UHFFFAOYSA-N,0.02822788,-0.031300349999999998
LVQDLURAEDSMES-UHFFFAOYSA-N,0.024220479999999999,-0.041563099999999999
VNXYDFNVQBICRO-UHFFFAOYSA-N,0.035850670000000001,-0.019323670000000001
HUTDHWXNOSDRBN-UHFFFAOYSA-N,0.019812449999999999,-0.043055320000000001
RLVGHTRVYWUWSH-UHFFFAOYSA-N,0.022804930000000001,-0.04111691
MSXIOWULDXZJLX-UHFFFAOYSA-N,0.025643889999999999,-0.036203230000000003
QANVSPFERJBPTO-UHFFFAOYSA-N,0.02350389,-0.043232890000000003
RDOWQLZANAYVLL-UHFFFAOYSA-N,0.03188908,-0.041853399999999999
XZMCDFZZKTWFGF-UHFFFAOYSA-N,0.042392920000000001,-0.029902020000000001
IKHGUXGNUITLKF-UHFFFAOYSA-N,0.022727000000000001,-0.031851200000000003
RGUKYNXWOWSRET-UHFFFAOYSA-N,0.02048941,-0.04759994
JKOVQYWMFZTKMX-ONEGZZNKSA-N,0.040620539999999997,-0.073320189999999993
NOLVABYTFMDREN-ZETCQYMHSA-N,0.01350023,-0.036511490000000001
UOCLXMDMGBRAIB-UHFFFAOYSA-N,0.01406116,-0.03069208
UHNHTTIUNATJKL-UHFFFAOYSA-N,0.041434569999999997,-0.048977449999999999
PZPYIRQFCOFLGJ-UHFFFAOYSA-N,0.01781988,-0.026671150000000001
MSPDNPMYZVJMAM-OVMOHIIOSA-N,0.025859199999999999,-0.044721740000000003
LYCAIKOWRPUZTN-UHFFFAOYSA-N,0.02356312,-0.024539760000000001
YLQWCDOCJODRMT-UHFFFAOYSA-N,0.033944630000000003,-0.04329624
NSWLMOHUXYULKL-UHFFFAOYSA-N,0.024111460000000001,-0.042143729999999997
BTJIUGUIPKRLHP-UHFFFAOYSA-N,0.054808709999999997,-0.05613866
VVIAWLIDZAXESO-UHFFFAOYSA-N,0.02235591,-0.03696551
GPTVQTPMFOLLOA-UHFFFAOYSA-N,0.011013490000000001,-0.022372349999999999
HCFAJYNVAYBARA-UHFFFAOYSA-N,0.018781829999999999,-0.031782230000000002
TYMLOMAKGOJONV-UHFFFAOYSA-N,0.049821070000000002,-0.066226259999999995
SDXAWLJRERMRKF-UHFFFAOYSA-N,0.04126875,-0.056708219999999997
AKQWEDMTPCAESO-UHFFFAOYSA-N,0.026007120000000002,-0.046288219999999998
BIPUHAHGLJKIPK-UHFFFAOYSA-N,0.021150950000000002,-0.035060519999999998
YFTHZRPMJXBUME-UHFFFAOYSA-N,0.01151134,-0.042286990000000003
RIOQSEWOXXDEQQ-UHFFFAOYSA-N,0.01653433,-0.054897170000000002
LDDOSDVZPSGLFZ-UHFFFAOYSA-N,0.018247269999999999,-0.035650229999999998
JNAKRDAEBSBJGO-UHFFFAOYSA-N,0.020306939999999999,-0.035151479999999999
DCKVNWZUADLDEH-YFKPBYRVSA-N,0.018597320000000001,-0.037914549999999998
AMCTWDASUQVRCQ-UHFFFAOYSA-N,0.035686130000000003,-0.017098479999999999
RAOIDOHSFRTOEL-UHFFFAOYSA-N,0.01170525,-0.027409940000000001
ZEFMBAFMCSYJOO-UHFFFAOYSA-N,0.055510150000000001,-0.054239049999999997
SYEXGNJRYPOUSI-DNSLJTBWSA-N,0.012657649999999999,-0.040120179999999998
BATDBURDIROQFJ-SOFGYWHQSA-N,0.028578030000000001,-0.060640239999999998
UMFJAHHVKNCGLG-UHFFFAOYSA-N,0.021824719999999999,-0.035548330000000003
RYMBAPVTUHZCNF-UHFFFAOYSA-N,0.026315249999999998,-0.039756380000000001
PKZJLOCLABXVMC-UHFFFAOYSA-N,0.029038970000000001,-0.034629680000000003
RNVCVTLRINQCPJ-UHFFFAOYSA-N,0.027115090000000001,-0.046399160000000002
RIKMMFOAQPJVMX-UHFFFAOYSA-N,0.043080569999999999,-0.047672220000000001
YFDSDPIBEUFTMI-UHFFFAOYSA-N,0.018827529999999999,-0.02406544
PHWSCBWNPZDYRI-UHFFFAOYSA-N,0.034710600000000001,-0.053406879999999997
KKHBRTFQIYIHEI-UHFFFAOYSA-N,0.035991809999999999,-0.038186329999999997
UWHSPZZUAYSGTB-UHFFFAOYSA-N,0.015898059999999999,-0.043815069999999998
IWJMFKRJGSKMBW-SHRKTGAESA-N,0.022957809999999999,-0.076826580000000005
IGTWYMQBGKAFCF-VOTSOKGWSA-N,0.037953920000000002,-0.075087909999999994
HGCIXCUEYOPUTN-UHFFFAOYSA-N,0.0095110149999999994,-0.026808760000000001
JSDBKAHWADVXFU-UHFFFAOYSA-N,0.049547180000000003,-0.0334618
AQNQZLOSBFEYBX-LURJTMIESA-N,0.042721330000000002,-0.058036440000000002
MARUHZGHZWCEQU-UHFFFAOYSA-N,0.050453440000000002,-0.041065919999999999
FZERHIULMFGESH-UHFFFAOYSA-N,0.043237299999999999,-0.040704110000000002
CYWUZSYXTCCCRG-UHFFFAOYSA-N,0.032105939999999999,-0.041987730000000001
DQYDFMBXYUTXOK-UHFFFAOYSA-N,0.020948129999999999,-0.071403820000000007
ADBSTNAYQBHUDD-UHFFFAOYSA-N,0.04016173,-0.0367829
PIICEJLVQHRZGT-UHFFFAOYSA-N,0.018255509999999999,-0.041328400000000001
SUSQOBVLVYHIEX-UHFFFAOYSA-N,0.03232256,-0.042731940000000003
HUVAAOZUPLEYBH-UHFFFAOYSA-N,0.040032209999999999,-0.057676730000000002
VLFTYFLZHORIBC-UHFFFAOYSA-N,0.05880059,-0.033690680000000001
LFSXCDWNBUNEEM-UHFFFAOYSA-N,0.033848360000000001,-0.04030653
WMXCDAVJEZZYLT-UHFFFAOYSA-N,0.01345563,-0.026340160000000001
RGXUCUWVGKLACF-UHFFFAOYSA-N,0.02777576,-0.037267290000000002
QPJVMBTYPHYUOC-UHFFFAOYSA-N,0.024079420000000001,-0.034032949999999999
JWUJQDFVADABEY-RXMQYKEDSA-N,0.010368850000000001,-0.033060819999999998
YXTROGRGRSPWKL-UHFFFAOYSA-N,0.021720079999999999,-0.054746830000000003
JUJWROOIHBZHMG-UHFFFAOYSA-N,0.021061750000000001,-0.03276022
WBDSPWDNJYQQDT-UHFFFAOYSA-N,0.01983646,-0.0406083
QWBBPBRQALCEIZ-UHFFFAOYSA-N,0.029188499999999999,-0.03607403
HQABUPZFAYXKJW-UHFFFAOYSA-N,0.015201050000000001,-0.041156850000000002
FRGXNJWEDDQLFH-UHFFFAOYSA-N,0.0246479,-0.039742029999999998
MHDVGSVTJDSBDK-UHFFFAOYSA-N,0.01918023,-0.048960799999999999
JLTDJTHDQAWBAV-UHFFFAOYSA-N,0.021715890000000002,-0.045819150000000003
GCUVJAHASMTIRG-UHFFFAOYSA-N,0.024418570000000001,-0.054820340000000002
MZBUJUWHEHJJKJ-UHFFFAOYSA-N,0.025889059999999998,-0.040609569999999998
HXVNBWAKAOHACI-UHFFFAOYSA-N,0.01569444,-0.031451399999999997
WYURNTSHIVDZCO-UHFFFAOYSA-N,0.011000319999999999,-0.03153429
PBGKNXWGYQPUJK-UHFFFAOYSA-N,0.05268014,-0.057672769999999998
YHRUOJUYPBUZOS-UHFFFAOYSA-N,0.01451041,-0.01451706
DQWPFSLDHJDLRL-UHFFFAOYSA-N,0.015964909999999999,-0.073882870000000003
YNPNZTXNASCQKK-UHFFFAOYSA-N,0.026372940000000001,-0.042551730000000003
SUVIGLJNEAMWEG-UHFFFAOYSA-N,0.01092242,-0.02437953
SJMLNDPIJZBEKY-UHFFFAOYSA-N,0.018430289999999998,-0.03796385
HTJDQJBWANPRPF-UHFFFAOYSA-N,0.014980810000000001,-0.039363990000000001
KZXAMWRVRHIWBN-UHFFFAOYSA-N,0.023321419999999999,-0.054286319999999999
NKTOLZVEWDHZMU-UHFFFAOYSA-N,0.028446679999999998,-0.036618409999999997
XRGPFNGLRSIPSA-UHFFFAOYSA-N,0.042680070000000001,-0.046458949999999999
QWVGKYWNOKOFNN-UHFFFAOYSA-N,0.028102459999999999,-0.034668110000000002
PJGSXYOJTGTZAV-UHFFFAOYSA-N,0.02152985,-0.03410063
WEEGYLXZBRQIMU-WAAGHKOSSA-N,0.0089882439999999994,-0.033965589999999997
WMYNMYVRWWCRPS-UHFFFAOYSA-N,0.033616720000000003,-0.039296110000000002
PCNDJXKNXGMECE-UHFFFAOYSA-N,0.023565010000000001,-0.034410410000000002
JKANAVGODYYCQF-UHFFFAOYSA-N,0.033041130000000002,-0.033921060000000003
LKNQXZAHNDFIQY-UHFFFAOYSA-N,0.025618999999999999,-0.035142130000000001
NBBJYMSMWIIQGU-UHFFFAOYSA-N,0.022044210000000002,-0.032230290000000002
SAPQIENQEZURNZ-UHFFFAOYSA-N,0.04516266,-0.036806039999999998
VEUUMBGHMNQHGO-UHFFFAOYSA-N,0.021563200000000001,-0.035153219999999999
RGTLAJIDOSPEDH-UHFFFAOYSA-N,0.022146289999999999,-0.034063709999999997
BCQZXOMGPXTTIC-PVQJCKRUSA-N,0.024363409999999999,-0.018950580000000002
XYWDPYKBIRQXQS-UHFFFAOYSA-N,0.011784579999999999,-0.028339690000000001
LHNPDXSWOZFOAO-UHFFFAOYSA-N,0.04385613,-0.01704936
VLLNJDMHDJRNFK-CHIWXEEVSA-N,0.01918918,-0.030236969999999998
YVXHZKKCZYLQOP-UHFFFAOYSA-N,0.031148680000000002,-0.038051840000000003
JEJBXIHZMUVILV-QMMMGPOBSA-N,0.01057978,-0.028685769999999999
RTJGTTXUCVCPIQ-UHFFFAOYSA-N,0.047890040000000002,-0.068711179999999997
IOJUPLGTWVMSFF-UHFFFAOYSA-N,0.032796079999999998,-0.044707370000000003
DCNUQRBLZWSGAV-UHFFFAOYSA-N,0.029965410000000001,-0.058903480000000001
CQQUWTMMFMJEFE-UHFFFAOYSA-N,0.023724840000000001,-0.042387569999999999
PPXUHEORWJQRHJ-UHFFFAOYSA-N,0.017862610000000001,-0.03662195
XJCVRTZCHMZPBD-UHFFFAOYSA-N,0.044781479999999999,-0.056924750000000003
VEZXCJBBBCKRPI-UHFFFAOYSA-N,0.026710810000000001,-0.043985610000000001
NBRKLOOSMBRFMH-UHFFFAOYSA-N,0.014798220000000001,-0.018783330000000001
HZCDANOFLILNSA-UHFFFAOYSA-N,0.032481059999999999,-0.070331389999999994
UIHCLUNTQKBZGK-YFKPBYRVSA-N,0.020022310000000001,-0.033032039999999999
FDQQNNZKEJIHMS-UHFFFAOYSA-N,0.02886004,-0.037766870000000001
UPOSSYJVWXLPTA-UHFFFAOYSA-N,0.026455369999999999,-0.032198530000000003
SKECXRFZFFAANN-UHFFFAOYSA-N,0.026603350000000001,-0.037103980000000002
GRTGGSXWHGKRSB-UHFFFAOYSA-N,0.025577760000000001,-0.036279680000000002
QSILYWCNPOLKPN-UHFFFAOYSA-N,0.0371632,-0.04770245
NPKXLCMBIGGTTQ-UHFFFAOYSA-N,0.041510209999999999,-0.091144089999999997
MFXVLTAAMOAZMS-UHFFFAOYSA-N,0.034050570000000002,-0.074563870000000004
UQFQONCQIQEYPJ-UHFFFAOYSA-N,0.032837360000000003,-0.054808229999999999
OFCCYDUUBNUJIB-UHFFFAOYSA-N,0.024813669999999999,-0.045692530000000002
NTDQQZYCCIDJRK-UHFFFAOYSA-N,0.030866299999999999,-0.051584619999999998
OUMGIYIBWRLOAF-UHFFFAOYSA-N,0.020392469999999999,-0.040980269999999999
UWKQJZCTQGMHKD-UHFFFAOYSA-N,0.017628930000000001,-0.043735080000000003
MJWNJEJCQHNDNM-UHFFFAOYSA-N,0.043929429999999998,-0.070247019999999993
WJQOZHYUIDYNHM-UHFFFAOYSA-N,0.031634250000000003,-0.046711919999999997
PWXRDOSRCIGJDM-UHFFFAOYSA-N,0.0075328399999999998,-0.02809938
GSCLMSFRWBPUSK-VKHMYHEASA-N,0.025222080000000001,-0.045656670000000003
QPHZWABVAIGWHI-UHFFFAOYSA-N,0.05232332,-0.052424350000000002
SKBBQSLSGRSQAJ-UHFFFAOYSA-N,0.03203044,-0.02714687
ZUOUZKKEUPVFJK-UHFFFAOYSA-N,0.022049849999999999,-0.04784861
OKDGRDCXVWSXDC-UHFFFAOYSA-N,0.024829090000000002,-0.03922929
DIBFBUQGVMZWTM-UHFFFAOYSA-N,0.061817770000000001,-0.032364219999999999
ATVJXMYDOSMEPO-UHFFFAOYSA-N,0.01299113,-0.030576579999999999
MIHJCLQINRFOLX-UHFFFAOYSA-N,0.068098779999999998,-0.055889590000000003
FXHOOIRPVKKKFG-UHFFFAOYSA-N,0.026036030000000002,-0.041094029999999997
ZMANZCXQSJIPKH-UHFFFAOYSA-N,0.012187389999999999,-0.041374029999999999
URAYPUMNDPQOKB-UHFFFAOYSA-N,0.020612869999999998,-0.035884560000000003
VCHOFVSNWYPAEF-UHFFFAOYSA-N,0.038752670000000003,-0.027178770000000001
AGSPXMVUFBBBMO-UHFFFAOYSA-N,0.02847618,-0.033782409999999999
QFHAGCRNENPASY-GQCTYLIASA-N,0.03785256,-0.040672229999999997
OISVCGZHLKNMSJ-UHFFFAOYSA-N,0.019685299999999999,-0.035049839999999999
PRDFNJUWGIQQBW-UHFFFAOYSA-N,0.053521989999999998,-0.018278559999999999
KVNRLNFWIYMESJ-UHFFFAOYSA-N,0.022573429999999998,-0.024718500000000001
PVMNPAUTCMBOMO-UHFFFAOYSA-N,0.023104380000000001,-0.031198670000000001
NVJUHMXYKCUMQA-UHFFFAOYSA-N,0.0080075340000000002,-0.029363009999999998
AATNZNJRDOVKDD-UHFFFAOYSA-N,0.026850180000000001,-0.076176830000000001
MTAODLNXWYIKSO-UHFFFAOYSA-N,0.026597679999999999,-0.035938989999999997
NTIZESTWPVYFNL-UHFFFAOYSA-N,0.019252450000000001,-0.034178300000000002
MGYMHQJELJYRQS-VHSXEESVSA-N,0.021156950000000001,-0.056431439999999999
RMVRSNDYEFQCLF-UHFFFAOYSA-N,0.024605559999999999,-0.040061649999999997
ABXGMGUHGLQMAW-UHFFFAOYSA-N,0.032388720000000003,-0.02899798
BLKXLEPPVDUHBY-UHFFFAOYSA-N,0.030477480000000001,-0.070397290000000001
LNDJVIYUJOJFSO-UHFFFAOYSA-N,0.052169319999999998,-0.01642337
QSNSCYSYFYORTR-UHFFFAOYSA-N,0.034450219999999997,-0.045898139999999997
VLVCWODDMDGANW-UHFFFAOYSA-N,0.03328797,-0.04975123
UJOBWOGCFQCDNV-UHFFFAOYSA-N,0.040095310000000002,-0.053432479999999997
HHAISVSEJFEWBZ-UHFFFAOYSA-N,0.036893080000000002,-0.023595319999999999
FZUGPQWGEGAKET-UHFFFAOYSA-N,0.030415299999999999,-0.039943949999999999
QSACPWSIIRFHHR-UHFFFAOYSA-N,0.026180789999999999,-0.02810085
JFDZBHWFFUWGJE-UHFFFAOYSA-N,0.026665939999999999,-0.02497684
XCWPBWWTGHQKDR-UHFFFAOYSA-N,0.020076360000000001,-0.02471402
IMFACGCPASFAPR-UHFFFAOYSA-N,0.0085376719999999996,-0.03950157
YZWKKMVJZFACSU-UHFFFAOYSA-N,0.01215899,-0.0092746670000000003
KBPLFHHGFOOTCA-UHFFFAOYSA-N,0.019431159999999999,-0.02855189
JLZWKZDHHREXTA-UHFFFAOYSA-N,0.032882160000000001,-0.048129760000000001
HSQXKKSEAOWACG-GEHXZAHHSA-N,0.0223883,-0.046883790000000002
WVGCPEDBFHEHEZ-UHFFFAOYSA-N,0.047363450000000001,-0.051329529999999998
XSAYZAUNJMRRIR-UHFFFAOYSA-N,0.028516260000000002,-0.037093840000000003
NPZOFLLFFNIYON-LBPRGKRZSA-N,0.041125380000000003,-0.063719659999999997
QDDLRYYYCREGPC-DTJXOCLSSA-N,0.01990331,-0.0045900389999999998
UAOMVDZJSHZZME-UHFFFAOYSA-N,0.01331886,-0.042265560000000001
ICKWICRCANNIBI-UHFFFAOYSA-N,0.032625649999999999,-0.053535079999999999
HZXRDAIBHPCJLE-UHFFFAOYSA-N,0.02942577,-0.050611679999999999
VJPAMLCBTIWAHI-UHFFFAOYSA-N,0.033682669999999998,-0.034658910000000001
DPOZWTRVXPUOQW-UHFFFAOYSA-N,0.021738009999999999,-0.020226359999999999
ZWAJLVLEBYIOTI-OLQVQODUSA-N,0.015421829999999999,-0.032113799999999998
JBYHSSAVUBIJMK-UHFFFAOYSA-N,0.01505504,-0.02582535
LDLCZOVUSADOIV-UHFFFAOYSA-N,0.02759785,-0.02280865
OLJVAWRLTPGYQL-DTJXOCLSSA-N,0.057230549999999998,-0.010836480000000001
CSYLYUAMXUGIFE-UHFFFAOYSA-N,0.027086019999999999,-0.040519310000000003
DPBLXKKOBLCELK-UHFFFAOYSA-N,0.01494299,-0.041643979999999997
OOYRLFIIUVBZSY-UHFFFAOYSA-N,0.01862977,-0.042342070000000002
WEVYAHXRMPXWCK-UHFFFAOYSA-N,0.024766819999999998,-0.02374093
RUOJZAUFBMNUDX-VKHMYHEASA-N,0.030749579999999999,-0.040291510000000003
HDWKOGROOOQOOX-UHFFFAOYSA-N,0.039503440000000001,-0.075106249999999999
WVLBCYQITXONBZ-UHFFFAOYSA-N,0.020854999999999999,-0.069382879999999994
BGJSXRVXTHVRSN-UHFFFAOYSA-N,0.018977879999999999,-0.055749430000000003
ULKWBVNMJZUEBD-UHFFFAOYSA-N,0.023418000000000001,-0.056641770000000001
BKZXZGWHTRCFPX-UHFFFAOYSA-N,0.025534950000000001,-0.038507279999999998
FWSPXZXVNVQHIF-UHFFFAOYSA-N,0.1249464,-0.027907950000000001
XZZNDPSIHUTMOC-UHFFFAOYSA-N,0.029283050000000001,-0.076554159999999996
NHEUXRXASLPKGO-UHFFFAOYSA-N,0.039603779999999998,-0.052840449999999997
IMNIMPAHZVJRPE-UHFFFAOYSA-N,0.01177246,-0.040555300000000002
XLSZMDLNRCVEIJ-UHFFFAOYSA-N,0.043011769999999998,-0.047822610000000002
VBZWSGALLODQNC-UHFFFAOYSA-N,0.025057980000000001,-0.0067867159999999999
MKGAYPNWSNNENI-UHFFFAOYSA-N,0.024017509999999999,-0.03868999
SELYJABLPLKXOY-UHFFFAOYSA-N,0.015983199999999999,-0.040796350000000002
WQAQPCDUOCURKW-UHFFFAOYSA-N,0.01249685,-0.024070149999999998
MZBIWKMCTWJLPT-UHFFFAOYSA-N,0.02554499,-0.071976760000000001
HHEIMYAXCOIQCJ-UHFFFAOYSA-N,0.015996219999999998,-0.0394563
KAESVJOAVNADME-UHFFFAOYSA-N,0.039541590000000001,-0.06268928
FHUDAMLDXFJHJE-UHFFFAOYSA-N,0.025670269999999999,-0.024201150000000001
PBMFSQRYOILNGV-UHFFFAOYSA-N,0.02770301,-0.038311119999999997
HLDBHWJNZHGZMV-LLVKDONJSA-N,0.045648510000000003,-0.06071911
DKLYDESVXZKCFI-UHFFFAOYSA-N,0.024604319999999999,-0.059834110000000003
KMUZWGCQPPCIKM-UHFFFAOYSA-N,0.037760179999999997,-0.078260280000000002
HTIRHQRTDBPHNZ-UHFFFAOYSA-N,0.0076843759999999997,-0.028088220000000001
MESJRHHDBDCQTH-UHFFFAOYSA-N,0.029979410000000001,-0.044746710000000002
ZSMRRZONCYIFNB-UHFFFAOYSA-N,0.039310860000000003,-0.051380479999999999
AKODNVGCZKBUNT-UHFFFAOYSA-N,0.02917436,-0.053518320000000001
QGZKDVFQNNGYKY-UHFFFAOYSA-N,0.016825489999999999,-0.041608609999999997
UUIMDJFBHNDZOW-UHFFFAOYSA-N,0.023829699999999999,-0.046707640000000002
VVJKKWFAADXIJK-UHFFFAOYSA-N,0.017003830000000001,-0.036917869999999998
YKYONYBAUNKHLG-UHFFFAOYSA-N,0.018957600000000002,-0.038050479999999998
SUDHEDJJFGYYPL-UHFFFAOYSA-N,0.015083360000000001,-0.041982699999999998
JCMZZYSPSGHBNM-UHFFFAOYSA-N,0.02396471,-0.047272519999999998
MYOHNZJKOAODMX-UHFFFAOYSA-N,0.02139334,-0.060815309999999997
PAPBSGBWRJIAAV-UHFFFAOYSA-N,0.02755782,-0.056764299999999997
XFRSYDKTYAUVAW-UHFFFAOYSA-N,0.026147759999999999,-0.051940319999999998
RAXXELZNTBOGNW-UHFFFAOYSA-N,0.04400929,-0.050300520000000001
YEDUAINPPJYDJZ-UHFFFAOYSA-N,0.036559510000000003,-0.034942800000000003
RTZKZFJDLAIYFH-UHFFFAOYSA-N,0.0082812860000000005,-0.029123650000000001
WCFDSGHAIGTEKL-UHFFFAOYSA-N,0.03011633,-0.049055439999999999
FKRCODPIKNYEAC-UHFFFAOYSA-N,0.01712669,-0.036219550000000003
LZDKZFUFMNSQCJ-UHFFFAOYSA-N,0.0092664789999999993,-0.027313779999999999
CYFPVACSJLXVCA-UHFFFAOYSA-N,0.030697209999999999,-0.044759119999999999
STSCVKRWJPWALQ-UHFFFAOYSA-N,0.024827080000000001,-0.027773039999999999
CDNHLXOFELOEOL-UHFFFAOYSA-N,0.037562999999999999,-0.03785964
LQNUZADURLCDLV-UHFFFAOYSA-N,0.03363128,-0.056538400000000003
DNJIEGIFACGWOD-UHFFFAOYSA-N,0.01160039,-0.023255950000000001
ZDPAWHACYDRYIW-UHFFFAOYSA-N,0.031838129999999999,-0.028627920000000001
WRMNZCZEMHIOCP-UHFFFAOYSA-N,0.020771129999999999,-0.04916131
IWDCLRJOBJJRNH-UHFFFAOYSA-N,0.033662570000000003,-0.034943479999999999
IZUPBVBPLAPZRR-UHFFFAOYSA-N,0.02957388,-0.04320678
XNLICIUVMPYHGG-UHFFFAOYSA-N,0.020683469999999999,-0.034607970000000002
AUFIRGPROMANKW-UHFFFAOYSA-N,0.01273464,-0.044654520000000003
WGJCBBASTRWVJL-UHFFFAOYSA-N,0.032931469999999997,-0.03285445
QTPJMTACJMLPLL-UHFFFAOYSA-N,0.021821320000000002,-0.066850380000000001
RPZNJLQPBDKQOG-JLAZNSOCSA-N,0.02947733,-0.02897653
MXHTZQSKTCCMFG-UHFFFAOYSA-N,0.020079739999999999,-0.047641790000000003
BAVYZALUXZFZLV-UHFFFAOYSA-N,0.016278529999999999,-0.039778389999999997
GOBGVVAHHOUMDK-UHFFFAOYSA-N,0.01306205,-0.023125840000000002
NCYVXEGFNDZQCU-UHFFFAOYSA-N,0.025991170000000001,-0.052885719999999997
OEPRBXUJOQLYID-UHFFFAOYSA-N,0.01397263,-0.02105636
HNJBEVLQSNELDL-UHFFFAOYSA-N,0.025863799999999999,-0.042094840000000001
SUFGUGHOVHXSII-UHFFFAOYSA-N,0.031202230000000001,-0.043792030000000003
RVDBZQDTMHPUAJ-UHFFFAOYSA-N,0.033487490000000002,-0.079451759999999996
HATLLUIOEIXWGD-UHFFFAOYSA-N,0.03627495,-0.047555020000000003
JMMWKPVZQRWMSS-UHFFFAOYSA-N,0.018666229999999999,-0.037623780000000002
YXFVVABEGXRONW-UHFFFAOYSA-N,0.01650414,-0.033972799999999997
UYFJYGWNYQCHOB-UHFFFAOYSA-N,0.027564539999999998,-0.044653819999999997
NMRHCNYNTKGDGB-UHFFFAOYSA-N,0.02831726,-0.053734329999999997
KFTODZKBBUMDQB-PVQJCKRUSA-N,0.029232899999999999,-0.01786886
PSXLJUKMMIHADB-UHFFFAOYSA-N,0.046684620000000003,-0.038304390000000001
FEWLNYSYJNLUOO-UHFFFAOYSA-N,0.030819869999999999,-0.041291620000000001
CVQUWLDCFXOXEN-UHFFFAOYSA-N,0.036600830000000001,-0.03617364
FJLUATLTXUNBOT-UHFFFAOYSA-N,0.02761336,-0.01013477
JJWLVOIRVHMVIS-UHFFFAOYSA-N,0.0143889,-0.041390759999999999
NVJBFARDFTXOTO-UHFFFAOYSA-N,0.046162080000000001,-0.05339965
UMIPWJGWASORKV-UHFFFAOYSA-N,0.030854320000000001,-0.03844355
QARVLSVVCXYDNA-UHFFFAOYSA-N,0.020105100000000001,-0.033737879999999998
QKZRSIWEFMDUIL-UHFFFAOYSA-N,0.02347836,-0.061941019999999999
AHJWSRRHTXRLAQ-UHFFFAOYSA-N,0.01145704,-0.031783869999999999
LJXQPZWIHJMPQQ-UHFFFAOYSA-N,0.034687839999999998,-0.031800639999999998
CGHIBGNXEGJPQZ-UHFFFAOYSA-N,0.030958349999999999,-0.038099109999999999
UBUCNCOMADRQHX-UHFFFAOYSA-N,0.021844450000000001,-0.053857620000000002
JIHQDMXYYFUGFV-UHFFFAOYSA-N,0.02934322,-0.025294009999999999
LJZPPWWHKPGCHS-UHFFFAOYSA-N,0.037034879999999999,-0.038639699999999999
CRBJBYGJVIBWIY-UHFFFAOYSA-N,0.025680479999999999,-0.053639220000000001
IUGYQRQAERSCNH-UHFFFAOYSA-N,0.01969344,-0.037704260000000003
FQVPFGDPYSIWTM-UHFFFAOYSA-N,0.051446690000000003,-0.096733150000000004
