GPRYKVSEZCQIHD-UHFFFAOYSA-N,0.02826267,-0.041744879999999998
LHNPDXSWOZFOAO-UHFFFAOYSA-N,0.064478079999999993,-0.016155059999999999
ASUDFOJKTJLAIK-UHFFFAOYSA-N,0.01341586,-0.039295259999999999
YQYGPGKTNQNXMH-UHFFFAOYSA-N,0.035011529999999999,-0.054918939999999999
VDFVNEFVBPFDSB-UHFFFAOYSA-N,0.0145679,-0.033720489999999999
BEZDDPMMPIDMGJ-UHFFFAOYSA-N,0.010688029999999999,-0.030548169999999999
WVGCPEDBFHEHEZ-UHFFFAOYSA-N,0.042423620000000002,-0.03616494
YEEMHJNIVXNCSN-ALCCZGGFSA-N,0.027079820000000001,-0.036996540000000001
OPXCUUJACRRYMC-UHFFFAOYSA-N,0.01551931,-0.041571480000000001
AFBPFSWMIHJQDM-UHFFFAOYSA-N,0.019186229999999999,-0.039006239999999998
ZDPAWHACYDRYIW-UHFFFAOYSA-N,0.026044580000000001,-0.035702680000000001
HQABUPZFAYXKJW-UHFFFAOYSA-N,0.014924110000000001,-0.03712638
LKXYJYDRLBPHRS-UHFFFAOYSA-N,0.01076598,-0.01039239
XFRSYDKTYAUVAW-UHFFFAOYSA-N,0.019504480000000001,-0.054403079999999999
GAEKPEKOJKCEMS-BYPYZUCNSA-N,0.023291019999999999,-0.053273359999999999
KMAQZIILEGKYQZ-UHFFFAOYSA-N,0.03210855,-0.055601850000000001
XTHFKEDIFFGKHM-UHFFFAOYSA-N,0.0088190660000000004,-0.031085459999999999
RYHBNJHYFVUHQT-UHFFFAOYSA-N,0.017998320000000002,-0.033537619999999997
RGTLAJIDOSPEDH-UHFFFAOYSA-N,0.01971761,-0.026895059999999998
XTGOWLIKIQLYRG-UHFFFAOYSA-N,0.034180380000000003,-0.020057539999999999
SNZSAFILJOCMFM-UHFFFAOYSA-N,0.023315639999999999,-0.076344770000000006
KJDRSWPQXHESDQ-UHFFFAOYSA-N,0.021714979999999998,-0.01867858
HXQHRUJXQJEGER-UHFFFAOYSA-N,0.025536090000000001,-0.04032753
KPSSIOMAKSHJJG-UHFFFAOYSA-N,0.02525616,-0.031415499999999999
XULIXFLCVXWHRF-UHFFFAOYSA-N,0.0060827590000000001,-0.033005670000000001
HOLHYSJJBXSLMV-UHFFFAOYSA-N,0.026173430000000001,-0.035965959999999998
FGWQRDGADJMULT-UHFFFAOYSA-N,0.01461845,-0.039742930000000003
WURBFLDFSFBTLW-UHFFFAOYSA-N,0.019047310000000001,-0.03887227
LYCAIKOWRPUZTN-UHFFFAOYSA-N,0.027277240000000001,-0.031731049999999997
QJUBWCXHSCFIHV-UHFFFAOYSA-N,0.035414439999999998,-0.040816150000000002
WEEGYLXZBRQIMU-WAAGHKOSSA-N,0.0074827000000000001,-0.038104560000000003
IKEHOXWJQXIQAG-UHFFFAOYSA-N,0.034352050000000002,-0.02189087
PZIMIYVOZBTARW-UHFFFAOYSA-N,0.014476370000000001,-0.058009110000000003
QANVSPFERJBPTO-UHFFFAOYSA-N,0.01623809,-0.043852170000000003
LSBIUXKNVUBKRI-UHFFFAOYSA-N,0.019281489999999998,-0.034917879999999998
VAYTZRYEBVHVLE-UHFFFAOYSA-N,0.038546480000000001,-0.04016335
HDWKOGROOOQOOX-UHFFFAOYSA-N,0.031617529999999998,-0.035805730000000001
FFNVQNRYTPFDDP-UHFFFAOYSA-N,0.0257328,-0.037296910000000003
SGHBRHKBCLLVCI-UHFFFAOYSA-N,0.041320719999999998,-0.028094230000000001
STSCVKRWJPWALQ-UHFFFAOYSA-N,0.031811640000000002,-0.0255604
GSCLMSFRWBPUSK-VKHMYHEASA-N,0.025307409999999999,-0.04312444
IDSKMUOSMAUASS-XIXRPRMCSA-N,0.02772208,-0.018980219999999999
IMNIMPAHZVJRPE-UHFFFAOYSA-N,0.01061642,-0.043196419999999999
BACKYMNXXFPCRL-UHFFFAOYSA-N,0.031746320000000001,-0.026188409999999999
BUZYGTVTZYSBCU-UHFFFAOYSA-N,0.024242320000000001,-0.036299680000000001
BCQZXOMGPXTTIC-PVQJCKRUSA-N,0.028869390000000002,-0.022905999999999999
SJRJJKPEHAURKC-UHFFFAOYSA-N,0.01304521,-0.036119900000000003
IOJUPLGTWVMSFF-UHFFFAOYSA-N,0.025069089999999999,-0.037971619999999998
MKGAYPNWSNNENI-UHFFFAOYSA-N,0.02169573,-0.037741139999999999
GNOIPBMMFNIUFM-UHFFFAOYSA-N,0.015080690000000001,-0.063533010000000001
LCGLNKUTAGEVQW-UHFFFAOYSA-N,0.01192121,-0.035276309999999998
BDERNNFJNOPAEC-UHFFFAOYSA-N,0.024896709999999999,-0.03334463
PVMNPAUTCMBOMO-UHFFFAOYSA-N,0.019834580000000001,-0.033395029999999999
YXFVVABEGXRONW-UHFFFAOYSA-N,0.010166980000000001,-0.019425609999999999
HCFAJYNVAYBARA-UHFFFAOYSA-N,0.016080199999999999,-0.038627099999999998
GETQZCLCWQTVFV-UHFFFAOYSA-N,0.0047274689999999998,-0.037389449999999998
HHEIMYAXCOIQCJ-UHFFFAOYSA-N,0.01357303,-0.044858549999999997
OHLUUHNLEMFGTQ-UHFFFAOYSA-N,0.033552409999999998,-0.047629190000000002
GPTVQTPMFOLLOA-UHFFFAOYSA-N,0.0119484,-0.023655800000000001
UIQGEWJEWJMQSL-UHFFFAOYSA-N,0.013233770000000001,-0.039788070000000002
QWBBPBRQALCEIZ-UHFFFAOYSA-N,0.0294097,-0.026612759999999999
NBXDXMFYTJNWCS-UHFFFAOYSA-N,0.041443210000000001,-0.035036709999999999
PPXUHEORWJQRHJ-UHFFFAOYSA-N,0.014008980000000001,-0.044597739999999997
JPMQWSJHCDLANT-UHFFFAOYSA-N,0.015587989999999999,-0.055981070000000001
JQVDAXLFBXTEQA-UHFFFAOYSA-N,0.013626320000000001,-0.038339089999999999
PGJYYCIOYBZTPU-UHFFFAOYSA-N,0.043004149999999998,-0.020497410000000001
SHOJXDKTYKFBRD-UHFFFAOYSA-N,0.016912969999999999,-0.040693979999999998
ZSMRRZONCYIFNB-UHFFFAOYSA-N,0.026115900000000001,-0.03399104
ROSDSFDQCJNGOL-UHFFFAOYSA-N,0.015204509999999999,-0.038022399999999998
LJXQPZWIHJMPQQ-UHFFFAOYSA-N,0.02784441,-0.034898249999999999
PXSGFTWBZNPNIC-UHFFFAOYSA-N,0.041750259999999997,-0.053678169999999997
QWVGKYWNOKOFNN-UHFFFAOYSA-N,0.028795100000000001,-0.02656617
XZNOAVNRSFURIR-UHFFFAOYSA-N,0.054503540000000003,-0.01285326
KYVBNYUBXIEUFW-UHFFFAOYSA-N,0.010262139999999999,-0.04229815
PYOKUURKVVELLB-UHFFFAOYSA-N,0.019477410000000001,-0.055294669999999997
QVSVMNXRLWSNGS-UHFFFAOYSA-N,0.02756602,-0.035211560000000003
HMIBQFXWSUBFTG-UHFFFAOYSA-N,0.018497719999999999,-0.043155350000000002
MJUJXFBTEFXVKU-UHFFFAOYSA-N,0.0224519,-0.056945229999999999
PHWSCBWNPZDYRI-UHFFFAOYSA-N,0.0307762,-0.051598280000000003
YRKCREAYFQTBPV-UHFFFAOYSA-N,0.024076139999999999,-0.034671449999999999
MIHJCLQINRFOLX-UHFFFAOYSA-N,0.0619228,-0.053551410000000001
NQRYJNQNLNOLGT-UHFFFAOYSA-N,0.01269847,-0.038774940000000001
LFSXCDWNBUNEEM-UHFFFAOYSA-N,0.025977500000000001,-0.048740360000000003
DIKBFYAXUHHXCS-UHFFFAOYSA-N,0.013227060000000001,-0.01304544
UMURLIQHQSKULR-UHFFFAOYSA-N,0.031152030000000001,-0.040234249999999999
ZRLDBDZSLLGDOX-UHFFFAOYSA-N,0.01241162,-0.039287049999999997
SNICXCGAKADSCV-JTQLQIEISA-N,0.01593168,-0.039513569999999998
PAMIQIKDUOTOBW-UHFFFAOYSA-N,0.0043315059999999997,-0.036919970000000003
GYCPLYCTMDTEPU-UHFFFAOYSA-N,0.020973640000000002,-0.031999739999999999
DWPLEOPKBWNPQV-UHFFFAOYSA-N,0.02177451,-0.035736339999999998
JJYPMNFTHPTTDI-UHFFFAOYSA-N,0.020864839999999999,-0.039093379999999997
YMBSJQHEFLROIX-UHFFFAOYSA-N,0.021951310000000002,-0.03777204
FUNXVDFRBZQHKX-UHFFFAOYSA-N,0.02761452,-0.050666620000000002
JNAKRDAEBSBJGO-UHFFFAOYSA-N,0.01068473,-0.040056149999999999
FTAHXMZRJCZXDL-UHFFFAOYSA-N,0.01346082,-0.041615699999999999
GJNGXPDXRVXSEH-UHFFFAOYSA-N,0.022440620000000001,-0.025808379999999999
OZNXTQSXSHODFR-CHIWXEEVSA-N,0.0086607620000000007,-0.020498780000000001
MTJVUMGKHCIMJL-UHFFFAOYSA-N,0.013961889999999999,-0.041828009999999999
OOWFYDWAMOKVSF-UHFFFAOYSA-N,0.01444992,-0.027302610000000001
ZLVFYUORUHNMBO-UHFFFAOYSA-N,0.034050749999999998,-0.028118710000000002
ATHHXGZTWNVVOU-UHFFFAOYSA-N,0.037773859999999999,-0.046289379999999998
ITQTTZVARXURQS-UHFFFAOYSA-N,0.01654576,-0.03764033
STZZWJCGRKXEFF-UHFFFAOYSA-N,0.029984090000000001,-0.016121010000000002
UEXCJVNBTNXOEH-UHFFFAOYSA-N,0.027536729999999999,-0.025752089999999998
CSCPPACGZOOCGX-UHFFFAOYSA-N,0.02057169,-0.039210460000000003
PDQRQJVPEFGVRK-UHFFFAOYSA-N,0.020539140000000001,-0.032097010000000002
WGJCBBASTRWVJL-UHFFFAOYSA-N,0.027009180000000001,-0.025546989999999999
ABXGMGUHGLQMAW-UHFFFAOYSA-N,0.028000400000000002,-0.03102978
AFHUWZFARIICFX-UHFFFAOYSA-N,0.019191449999999999,-0.051980230000000002
DACIGVIOAFXPHW-CDECOKDKSA-N,0.014568899999999999,-0.040339989999999999
NHQDETIJWKXCTC-UHFFFAOYSA-N,0.03052413,-0.044724
WDNBURPWRNALGP-UHFFFAOYSA-N,0.040229540000000001,-0.027712270000000001
WYACBZDAHNBPPB-UHFFFAOYSA-N,0.025030690000000001,-0.038882760000000002
VIZNDSYPXQJMCM-UHFFFAOYSA-N,0.01944485,-0.034166429999999998
NKDDWNXOKDWJAK-UHFFFAOYSA-N,0.013844850000000001,-0.032984970000000002
CVQUWLDCFXOXEN-UHFFFAOYSA-N,0.029303099999999999,-0.045149509999999997
QMMFVYPAHWMCMS-UHFFFAOYSA-N,0.0090484139999999994,-0.01788762
HKTSLDUAGCAISP-UHFFFAOYSA-N,0.014653070000000001,-0.057540870000000001
VMOIPIVQHVFUFO-UHFFFAOYSA-N,0.026179830000000001,-0.038159499999999999
KZXAMWRVRHIWBN-UHFFFAOYSA-N,0.01693534,-0.043541370000000003
LMYRWZFENFIFIT-UHFFFAOYSA-N,0.02797782,-0.061988149999999999
BWLUMTFWVZZZND-UHFFFAOYSA-N,0.012614709999999999,-0.039027689999999997
SELYJABLPLKXOY-UHFFFAOYSA-N,0.01485734,-0.04815469
KWRGMBARTDLYSH-UHFFFAOYSA-N,0.02324379,-0.03341243
BSKHPKMHTQYZBB-UHFFFAOYSA-N,0.01600037,-0.038879219999999999
KFDVPJUYSDEJTH-UHFFFAOYSA-N,0.020500310000000001,-0.039028350000000003
FQDXJYBXPOMIBX-UHFFFAOYSA-N,0.058463649999999999,-0.029365220000000001
RIKMMFOAQPJVMX-UHFFFAOYSA-N,0.04004216,-0.033544280000000003
RFKMCNOHBTXSMU-UHFFFAOYSA-N,0.023375940000000001,-0.026875670000000001
UUWJBXKHMMQDED-UHFFFAOYSA-N,0.019024280000000001,-0.036359339999999997
MPPPKRYCTPRNTB-UHFFFAOYSA-N,0.011068069999999999,-0.0086326400000000005
SMZHKGXSEAGRTI-UHFFFAOYSA-N,0.01784577,-0.032941520000000002
FSPSELPMWGWDRY-UHFFFAOYSA-N,0.019536040000000001,-0.039954030000000001
DPBLXKKOBLCELK-UHFFFAOYSA-N,0.014949240000000001,-0.037426689999999999
UQEAIHBTYFGYIE-UHFFFAOYSA-N,0.047031530000000002,-0.01603106
BATDBURDIROQFJ-SOFGYWHQSA-N,0.020803209999999999,-0.044917360000000003
USIUVYZYUHIAEV-UHFFFAOYSA-N,0.012544949999999999,-0.030962420000000001
GPHQHTOMRSGBNZ-UHFFFAOYSA-N,0.025141710000000001,-0.029129849999999999
PTTPXKJBFFKCEK-UHFFFAOYSA-N,0.016323560000000001,-0.038002269999999998
PAMJENUKCYUKLC-UHFFFAOYSA-N,0.025786,-0.05319654
JXQGICFGPUAVLJ-UHFFFAOYSA-N,0.02617075,-0.046843490000000002
JNELGWHKGNBSMD-UHFFFAOYSA-N,0.018458680000000002,-0.039619590000000003
ZPTVNYMJQHSSEA-UHFFFAOYSA-N,0.027551240000000001,-0.059916039999999997
JUNNTRSMCCUKGG-UHFFFAOYSA-N,0.024826029999999999,-0.041599030000000002
YORCIIVHUBAYBQ-UHFFFAOYSA-N,0.032680729999999998,-0.019827009999999999
WVDDGKGOMKODPV-UHFFFAOYSA-N,0.026771909999999999,-0.045243289999999999
OKDGRDCXVWSXDC-UHFFFAOYSA-N,0.021671050000000001,-0.04497251
XQQZRZQVBFHBHL-UHFFFAOYSA-N,0.012144520000000001,-0.035682819999999997
NEKCOKJRDOPRSK-UHFFFAOYSA-N,0.02542968,-0.048600989999999997
MVUMJYQUKKUOHO-AATRIKPKSA-N,0.02740884,-0.052514770000000002
ZKKBIZXAEDFPNL-HWKANZROSA-N,0.02527306,-0.036428519999999999
HONIICLYMWZJFZ-UHFFFAOYSA-N,0.01474953,-0.041960299999999999
MYOHNZJKOAODMX-UHFFFAOYSA-N,0.0157459,-0.052571699999999999
DKNWSYNQZKUICI-CHIWXEEVSA-N,0.01279477,-0.038337349999999999
QFHAGCRNENPASY-GQCTYLIASA-N,0.038358900000000001,-0.037542890000000002
GGSUCNLOZRCGPQ-UHFFFAOYSA-N,0.01049194,-0.029016030000000002
CSYLYUAMXUGIFE-UHFFFAOYSA-N,0.022138660000000001,-0.027318970000000001
QWPYVYJPIHGYGX-RZIOALPKSA-N,0.021940660000000001,-0.049605169999999997
IYIAWAACGTUPCC-UHFFFAOYSA-N,0.019272460000000002,-0.054605430000000003
BAYGVMXZJBFEMB-UHFFFAOYSA-N,0.049122480000000003,-0.028857480000000001
YXWJGZQOGXGSSC-UHFFFAOYSA-N,0.034669579999999998,-0.014352800000000001
MGYMHQJELJYRQS-VHSXEESVSA-N,0.0174225,-0.048288820000000003
YZWKKMVJZFACSU-UHFFFAOYSA-N,0.010633,-0.0087001990000000005
BEUGBYXJXMVRFO-UHFFFAOYSA-N,0.021105929999999998,-0.041547439999999998
SMBLCBJIVZBEPF-PEZBUJJGSA-N,0.022590820000000001,-0.044087050000000003
WFJXYIUAMJAURQ-UHFFFAOYSA-N,0.028743399999999999,-0.070896399999999998
APLHDUWNMGJBFD-UHFFFAOYSA-N,0.02660349,-0.02973129
JWVNPUBYKCSIKR-UHFFFAOYSA-N,0.022605610000000002,-0.037551470000000003
NAMYKGVDVNBCFQ-UHFFFAOYSA-N,0.011601770000000001,-0.0084987900000000009
WXNZTHHGJRFXKQ-UHFFFAOYSA-N,0.03757079,-0.022729840000000001
VEDXNNRTYCLCMP-UHFFFAOYSA-N,0.046155830000000002,-0.043108720000000003
BYEAHWXPCBROCE-UHFFFAOYSA-N,0.044158679999999999,-0.01725378
YEDUAINPPJYDJZ-UHFFFAOYSA-N,0.030436209999999998,-0.04024792
RJSZFWIUDNOVNP-UHFFFAOYSA-N,0.01621568,-0.03063861
NYYLZXREFNYPKB-UHFFFAOYSA-N,0.024193800000000001,-0.064796930000000003
KVNRLNFWIYMESJ-UHFFFAOYSA-N,0.02068996,-0.02913352
HCJXEOFLVIFFDG-UHFFFAOYSA-N,0.018823159999999999,-0.049659399999999999
CYCKHTAVNBPQDB-UHFFFAOYSA-N,0.02358267,-0.026959810000000001
PAPBSGBWRJIAAV-UHFFFAOYSA-N,0.025259719999999999,-0.05905175
MCSAJNNLRCFZED-UHFFFAOYSA-N,0.039947179999999999,-0.055696030000000001
ICSNLGPSRYBMBD-UHFFFAOYSA-N,0.023406489999999999,-0.036143590000000003
PLUBXMRUUVWRLT-UHFFFAOYSA-N,0.037182390000000003,-0.055697730000000001
NTPLXRHDUXRPNE-UHFFFAOYSA-N,0.020103260000000001,-0.04139528
BNLLHLUAOXAUNQ-UHFFFAOYSA-N,0.032745629999999998,-0.029814150000000001
VVBLNCFGVYUYGU-UHFFFAOYSA-N,0.018565829999999998,-0.041309140000000001
QTBSBXVTEAMEQO-UHFFFAOYSA-N,0.025550219999999998,-0.042510249999999999
RDHPKYGYEGBMSE-UHFFFAOYSA-N,0.012424009999999999,-0.0083603419999999998
YSHMQTRICHYLGF-UHFFFAOYSA-N,0.016015330000000001,-0.039462079999999997
GNKZMNRKLCTJAY-UHFFFAOYSA-N,0.019466290000000001,-0.040151949999999999
RGWHHWWMFUXNAX-ICWSVDNISA-N,0.02995805,-0.03004337
LKNQXZAHNDFIQY-UHFFFAOYSA-N,0.0185361,-0.029024709999999999
LRDFRRGEGBBSRN-UHFFFAOYSA-N,0.020107119999999999,-0.028979769999999998
RGUKYNXWOWSRET-UHFFFAOYSA-N,0.01423778,-0.045355090000000001
BRRVYBRXLUEEJP-UHFFFAOYSA-N,0.016855950000000001,-0.04824639
JWAZRIHNYRIHIV-UHFFFAOYSA-N,0.03324746,-0.02782132
VPYJNCGUESNPMV-UHFFFAOYSA-N,0.0086941870000000008,-0.040704850000000001
NAIVIVMHCDWBEF-UHFFFAOYSA-N,0.01901096,-0.05161458
HZCDANOFLILNSA-UHFFFAOYSA-N,0.038610779999999997,-0.060244859999999997
ISWSIDIOOBJBQZ-UHFFFAOYSA-N,0.033300280000000002,-0.027353829999999999
RUOJZAUFBMNUDX-VKHMYHEASA-N,0.036131580000000003,-0.042388139999999998
ZZWJQCJQAXZVOM-UHFFFAOYSA-N,0.01843148,-0.038900079999999997
CSJAXRKDCCWCSJ-UHFFFAOYSA-N,0.033642329999999998,-0.049339239999999999
LRHPLDYGYMQRHN-UHFFFAOYSA-N,0.024396910000000001,-0.036129769999999999
FGLBSLMDCBOPQK-UHFFFAOYSA-N,0.039873499999999999,-0.053044580000000001
MBHINSULENHCMF-UHFFFAOYSA-N,0.01818034,-0.04611403
AQNQZLOSBFEYBX-LURJTMIESA-N,0.037383970000000002,-0.070095850000000001
JFDZBHWFFUWGJE-UHFFFAOYSA-N,0.020373120000000002,-0.029753089999999999
SJMLNDPIJZBEKY-UHFFFAOYSA-N,0.020168999999999999,-0.036788469999999997
NBBZMDUHKWRYSZ-UHFFFAOYSA-N,0.019882489999999999,-0.02587658
XLYOFNOQVPJJNP-UHFFFAOYSA-N,0.0302819,-0.037362230000000003
RMVRSNDYEFQCLF-UHFFFAOYSA-N,0.01308808,-0.024405909999999999
LJZPPWWHKPGCHS-UHFFFAOYSA-N,0.034004109999999997,-0.027289580000000001
CSVFWMMPUJDVKH-UHFFFAOYSA-N,0.014160320000000001,-0.02820669
UHNHTTIUNATJKL-UHFFFAOYSA-N,0.033157039999999999,-0.059245899999999997
RAXXELZNTBOGNW-UHFFFAOYSA-N,0.039917660000000001,-0.04720916
OLJDIRLJSRSJNR-UHFFFAOYSA-N,0.026863870000000001,-0.02792219
NMRHCNYNTKGDGB-UHFFFAOYSA-N,0.027088149999999998,-0.062979370000000007
IWJMFKRJGSKMBW-SHRKTGAESA-N,0.028577709999999999,-0.060797299999999999
XDJAAZYHCCRJOK-UHFFFAOYSA-N,0.024452310000000001,-0.030965650000000001
VFWCMGCRMGJXDK-UHFFFAOYSA-N,0.018280040000000001,-0.018156229999999999
LDLCZOVUSADOIV-UHFFFAOYSA-N,0.032887529999999998,-0.030368590000000001
XSJJNRDFIMCZRS-UHFFFAOYSA-N,0.016101899999999999,-0.057875210000000003
CYFPVACSJLXVCA-UHFFFAOYSA-N,0.02959767,-0.039621249999999997
VJNGGOMRUHYAMC-UHFFFAOYSA-N,0.031748989999999998,-0.030148589999999999
POLCUAVZOMRGSN-UHFFFAOYSA-N,0.0060487040000000002,-0.036996269999999998
PDLCCNYKIIUWHA-UHFFFAOYSA-N,0.019886480000000002,-0.04023417
ODSXJQYJADZFJX-UHFFFAOYSA-N,0.053817049999999998,-0.021102329999999999
JKOVQYWMFZTKMX-ONEGZZNKSA-N,0.033372989999999998,-0.068303050000000004
WGBMKQSRUSKSOM-UHFFFAOYSA-N,0.019289290000000001,-0.043531790000000001
SAANJXKHPZBABZ-UHFFFAOYSA-N,0.0156162,-0.05689346
WGYKZJWCGVVSQN-UHFFFAOYSA-N,0.01496077,-0.037458150000000003
XWEFKJNJSVXMOD-UHFFFAOYSA-N,0.017849250000000001,-0.035872189999999998
QSACPWSIIRFHHR-UHFFFAOYSA-N,0.019687619999999999,-0.02939758
VAJCYQHLYBTSHG-UHFFFAOYSA-N,0.016252880000000001,-0.050023919999999999
YMWUJEATGCHHMB-UHFFFAOYSA-N,0.02356606,-0.023279190000000002
LRMLWYXJORUTBG-UHFFFAOYSA-N,0.037323099999999998,-0.074294910000000006
HDJGQEDLEYXGCN-UHFFFAOYSA-N,0.035747170000000002,-0.045823219999999998
YVBMXGVGOLXFFS-UHFFFAOYSA-N,0.02116608,-0.04310377
RNVCVTLRINQCPJ-UHFFFAOYSA-N,0.022509120000000001,-0.037226080000000002
LSXWFXONGKSEMY-UHFFFAOYSA-N,0.0092344760000000001,-0.03382632
AZQWKYJCGOJGHM-UHFFFAOYSA-N,0.019592020000000002,-0.029551500000000001
NBUKAOOFKZFCGD-UHFFFAOYSA-N,0.054917479999999998,-0.028034880000000002
LEIMLDGFXIOXMT-UHFFFAOYSA-N,0.077041029999999996,-0.0294845
YKYONYBAUNKHLG-UHFFFAOYSA-N,0.015107529999999999,-0.044086260000000002
YNQLUTRBYVCPMQ-UHFFFAOYSA-N,0.010258979999999999,-0.01979291
MSXVEPNJUHWQHW-UHFFFAOYSA-N,0.023859809999999999,-0.03682013
UGEJOEBBMPOJMT-UHFFFAOYSA-N,0.045357330000000001,-0.02737525
FMWLUWPQPKEARP-UHFFFAOYSA-N,0.020674809999999998,-0.020788709999999998
RHMPLDJJXGPMEX-UHFFFAOYSA-N,0.040339659999999999,-0.030122889999999999
VNXYDFNVQBICRO-UHFFFAOYSA-N,0.053023899999999999,-0.02369284
OSOIQJGOYGSIMF-UHFFFAOYSA-N,0.01689324,-0.039289669999999999
QPJVMBTYPHYUOC-UHFFFAOYSA-N,0.01811453,-0.04429077
JACMPVXHEARCBO-UHFFFAOYSA-N,0.01339708,-0.038683490000000001
AJFDBNQQDYLMJN-UHFFFAOYSA-N,0.019569659999999999,-0.047792420000000002
XJCVRTZCHMZPBD-UHFFFAOYSA-N,0.036738529999999998,-0.056992349999999997
KIDHWZJUCRJVML-UHFFFAOYSA-N,0.01534199,-0.036318070000000001
SJTBRFHBXDZMPS-UHFFFAOYSA-N,0.039230040000000001,-0.028505490000000001
MZBUJUWHEHJJKJ-UHFFFAOYSA-N,0.020455839999999999,-0.02628604
PRDFNJUWGIQQBW-UHFFFAOYSA-N,0.050463870000000001,-0.02452915
FHUDAMLDXFJHJE-UHFFFAOYSA-N,0.034726930000000003,-0.026818160000000001
KJRCEJOSASVSRA-UHFFFAOYSA-N,0.0067501640000000003,-0.015548609999999999
HPMLGNIUXVXALD-UHFFFAOYSA-N,0.02372175,-0.042362940000000002
KXKVLQRXCPHEJC-UHFFFAOYSA-N,0.015922080000000002,-0.043095460000000002
JYYNAJVZFGKDEQ-UHFFFAOYSA-N,0.014802610000000001,-0.039139599999999997
JMMWKPVZQRWMSS-UHFFFAOYSA-N,0.01484954,-0.04380307
RGXUCUWVGKLACF-UHFFFAOYSA-N,0.021592989999999999,-0.03874039
SECXISVLQFMRJM-UHFFFAOYSA-N,0.01523624,-0.046436909999999998
KYVIFDXEMABEDB-UHFFFAOYSA-N,0.018404790000000001,-0.046464239999999997
VCHOFVSNWYPAEF-UHFFFAOYSA-N,0.029484940000000001,-0.035542869999999997
QQZOPKMRPOGIEB-UHFFFAOYSA-N,0.018024200000000001,-0.039194359999999998
SBYHFKPVCBCYGV-UHFFFAOYSA-N,0.0062529300000000003,-0.043769309999999999
JLZWKZDHHREXTA-UHFFFAOYSA-N,0.032422579999999999,-0.048664819999999998
DKLYDESVXZKCFI-UHFFFAOYSA-N,0.016697150000000001,-0.059743419999999998
JUJWROOIHBZHMG-UHFFFAOYSA-N,0.016310249999999998,-0.039312
CYWUZSYXTCCCRG-UHFFFAOYSA-N,0.031376010000000003,-0.04838402
NVPICXQHSYQKGM-UHFFFAOYSA-N,0.01776612,-0.032608999999999999
GXHHFMZALQKUFL-UHFFFAOYSA-N,0.04330494,-0.045726700000000002
OUMGIYIBWRLOAF-UHFFFAOYSA-N,0.01682465,-0.029913829999999999
JJWLVOIRVHMVIS-UHFFFAOYSA-N,0.01404146,-0.037741740000000003
OCGXPFSUJVHRHA-UHFFFAOYSA-N,0.02041625,-0.049745850000000001
CTAPFRYPJLPFDF-UHFFFAOYSA-N,0.029608559999999999,-0.036444009999999999
QTPJMTACJMLPLL-UHFFFAOYSA-N,0.01462186,-0.042987940000000002
VEZXCJBBBCKRPI-UHFFFAOYSA-N,0.02864626,-0.042316029999999998
DHXVGJBLRPWPCS-UHFFFAOYSA-N,0.0083660039999999998,-0.03860131
YVXHZKKCZYLQOP-UHFFFAOYSA-N,0.026402780000000001,-0.026372050000000001
DENRZWYUOJLTMF-UHFFFAOYSA-N,0.024382569999999999,-0.048034170000000001
AUHZEENZYGFFBQ-UHFFFAOYSA-N,0.010524850000000001,-0.020191919999999999
OIFBSDVPJOWBCH-UHFFFAOYSA-N,0.015774239999999998,-0.044850399999999999
CFPIZMWTMRWZRO-UHFFFAOYSA-N,0.024179019999999999,-0.049837970000000002
SYBYTAAJFKOIEJ-UHFFFAOYSA-N,0.01878906,-0.038528220000000002
SMNMEJQTBGWHLI-UHFFFAOYSA-N,0.016973530000000001,-0.037446880000000002
AVPYQKSLYISFPO-UHFFFAOYSA-N,0.026339419999999999,-0.035656019999999997
NRKYWOKHZRQRJR-UHFFFAOYSA-N,0.04567268,-0.030904750000000002
SWFHGTMLYIBPPA-UHFFFAOYSA-N,0.01744764,-0.041540720000000003
DHYHYLGCQVVLOQ-UHFFFAOYSA-N,0.024101899999999999,-0.03649753
MBTGBRYMJKYYOE-UHFFFAOYSA-N,0.031472479999999997,-0.04251518
MFXVLTAAMOAZMS-UHFFFAOYSA-N,0.027488160000000001,-0.067387150000000007
RHQDFWAXVIIEBN-UHFFFAOYSA-N,0.045831589999999998,-0.0275467
RUFPHBVGCFYCNW-UHFFFAOYSA-N,0.021796260000000001,-0.037635750000000003
PKAHQJNJPDVTDP-UHFFFAOYSA-N,0.015146079999999999,-0.043839179999999998
VJXRKZJMGVSXPX-UHFFFAOYSA-N,0.01490958,-0.039204009999999997
KRZCOLNOCZKSDF-UHFFFAOYSA-N,0.030960149999999999,-0.034051890000000001
NVJBFARDFTXOTO-UHFFFAOYSA-N,0.03967917,-0.063448649999999995
DXVVZIGSMCTRDV-UHFFFAOYSA-N,0.051319799999999999,-0.086987400000000006
ZVWHURINXJWEER-UHFFFAOYSA-N,0.0099245040000000007,-0.043406
MXHTZQSKTCCMFG-UHFFFAOYSA-N,0.011209770000000001,-0.02974999
QMKKJBRRKIKWFK-UHFFFAOYSA-N,0.030280270000000001,-0.047712299999999999
UIHCLUNTQKBZGK-YFKPBYRVSA-N,0.016175149999999999,-0.03832609
LQNUZADURLCDLV-UHFFFAOYSA-N,0.028440300000000002,-0.057678640000000003
VQGHOUODWALEFC-UHFFFAOYSA-N,0.016180030000000001,-0.0484003
SQCZQTSHSZLZIQ-UHFFFAOYSA-N,0.015257130000000001,-0.01849785
NDKGUMMLYBINOC-UWTATZPHSA-N,0.04234574,-0.029844019999999999
HPNMFZURTQLUMO-UHFFFAOYSA-N,0.014620940000000001,-0.03583691
RKSOPLXZQNSWAS-UHFFFAOYSA-N,0.012012109999999999,-0.0083875619999999994
WHTDCOSHHMXZNE-UHFFFAOYSA-N,0.01580287,-0.040687000000000001
FRGXNJWEDDQLFH-UHFFFAOYSA-N,0.016481470000000002,-0.03906076
XCWPBWWTGHQKDR-UHFFFAOYSA-N,0.015720250000000002,-0.016927770000000002
BAPJBEWLBFYGME-UHFFFAOYSA-N,0.019664600000000001,-0.043760279999999999
NAKQCFRTJSBUPT-UHFFFAOYSA-N,0.03538297,-0.05784744
SJNALLRHIVGIBI-UHFFFAOYSA-N,0.02084362,-0.029216579999999999
NOFXHGGTQGRTTJ-UHFFFAOYSA-N,0.02910737,-0.040717360000000001
QVWDCTQRORVHHT-UHFFFAOYSA-N,0.021961370000000001,-0.043828579999999999
RYMBAPVTUHZCNF-UHFFFAOYSA-N,0.025097910000000001,-0.03905206
YQUQWHNMBPIWGK-UHFFFAOYSA-N,0.034908359999999999,-0.02675551
MHZGKXUYDGKKIU-UHFFFAOYSA-N,0.01472882,-0.03708351
XIAJQOBRHVKGSP-UHFFFAOYSA-N,0.01022694,-0.019838149999999999
NCYVXEGFNDZQCU-UHFFFAOYSA-N,0.021810019999999999,-0.047758710000000003
DQWXPGSGBJVHPN-UHFFFAOYSA-N,0.057929950000000001,-0.032838949999999999
QGZKDVFQNNGYKY-UHFFFAOYSA-N,0.017542490000000001,-0.03779714
ARKIFHPFTHVKDT-UHFFFAOYSA-N,0.030439919999999999,-0.054202470000000003
ULYZAYCEDJDHCC-UHFFFAOYSA-N,0.01719043,-0.018836039999999998
MJWNJEJCQHNDNM-UHFFFAOYSA-N,0.036944949999999997,-0.074100360000000004
HUVAAOZUPLEYBH-UHFFFAOYSA-N,0.038896390000000003,-0.037999390000000001
RJGDLRCDCYRQOQ-UHFFFAOYSA-N,0.01673198,-0.039478890000000003
PAAZPARNPHGIKF-UHFFFAOYSA-N,0.0099953139999999999,-0.0053818360000000001
NCBZRJODKRCREW-UHFFFAOYSA-N,0.02216338,-0.038129900000000001
WXBWKMLIVXELSF-UHFFFAOYSA-N,0.02664588,-0.036049770000000002
VBZWSGALLODQNC-UHFFFAOYSA-N,0.056442909999999999,-0.010814000000000001
RHLIPLVNXYUJQV-UHFFFAOYSA-N,0.015778730000000001,-0.058666549999999998
WMFABESKCHGSRC-UHFFFAOYSA-N,0.025451140000000001,-0.03842259
NOLVABYTFMDREN-ZETCQYMHSA-N,0.01857253,-0.037486209999999999
KWOLFJPFCHCOCG-UHFFFAOYSA-N,0.019524590000000001,-0.04030504
FLFWJIBUZQARMD-UHFFFAOYSA-N,0.037165829999999997,-0.03541275
YKOQQFDCCBKROY-UHFFFAOYSA-N,0.017461210000000001,-0.047366680000000001
ISXOBTBCNRIIQO-UHFFFAOYSA-N,0.037983500000000003,-0.072035080000000001
HXVNBWAKAOHACI-UHFFFAOYSA-N,0.01452205,-0.038126069999999998
TUAMRELNJMMDMT-UHFFFAOYSA-N,0.032154250000000002,-0.027101859999999998
YSTPAHQEHQSRJD-VIFPVBQESA-N,0.01350729,-0.040411870000000003
KBPLFHHGFOOTCA-UHFFFAOYSA-N,0.024483769999999998,-0.03639655
RVAQSYWDOSHWGP-UHFFFAOYSA-N,0.018256910000000001,-0.055949449999999998
PKZJLOCLABXVMC-UHFFFAOYSA-N,0.025042789999999999,-0.043344340000000002
PFYPDUUXDADWKC-UHFFFAOYSA-N,0.01601207,-0.037659480000000002
CUYKNJBYIJFRCU-UHFFFAOYSA-N,0.026749309999999998,-0.038621929999999999
QKPVEISEHYYHRH-UHFFFAOYSA-N,0.02925736,-0.032329950000000003
AUFIRGPROMANKW-UHFFFAOYSA-N,0.0093876749999999998,-0.038795570000000001
ZCQWOFVYLHDMMC-UHFFFAOYSA-N,0.029705789999999999,-0.039657280000000003
JKTCBAGSMQIFNL-UHFFFAOYSA-N,0.0195899,-0.03117054
JWUJQDFVADABEY-RXMQYKEDSA-N,0.0087535210000000002,-0.038893179999999999
CQQUWTMMFMJEFE-UHFFFAOYSA-N,0.024243069999999999,-0.043951549999999999
HVCFCNAITDHQFX-UHFFFAOYSA-N,0.01663355,-0.039676549999999998
KYQCOXFCLRTKLS-UHFFFAOYSA-N,0.0219279,-0.03257761
HZXRDAIBHPCJLE-UHFFFAOYSA-N,0.031186780000000001,-0.049120299999999999
RPZNJLQPBDKQOG-JLAZNSOCSA-N,0.027743980000000001,-0.030377419999999999
OLJVAWRLTPGYQL-DTJXOCLSSA-N,0.03493462,-0.02551527
AWJUIBRHMBBTKR-UHFFFAOYSA-N,0.02154325,-0.03884779
VLVCWODDMDGANW-UHFFFAOYSA-N,0.035924159999999997,-0.065675310000000001
QZVQQUVWFIZUBQ-UHFFFAOYSA-N,0.027420630000000001,-0.032411460000000003
DGVORXWMCNREFA-UHFFFAOYSA-N,0.025464199999999999,-0.037015800000000001
XBNGYFFABRKICK-UHFFFAOYSA-N,0.042002339999999999,-0.019207490000000001
PMRYVIKBURPHAH-UHFFFAOYSA-N,0.034080489999999998,-0.034483630000000001
QDDLRYYYCREGPC-DTJXOCLSSA-N,0.03263278,-0.018477799999999999
HGCIXCUEYOPUTN-UHFFFAOYSA-N,0.0067716199999999999,-0.013387939999999999
AAADKYXUTOBAGS-OIBJUYFYSA-N,0.0095097649999999999,-0.01915319
SRPCLECGIYMIMN-CSKARUKUSA-N,0.02312374,-0.046206900000000002
FPTMVKXIMZNRJX-UHFFFAOYSA-N,0.040234480000000003,-0.027415510000000001
AIDFJGKWTOULTC-UHFFFAOYSA-N,0.043021179999999999,-0.067374420000000004
CGHIBGNXEGJPQZ-UHFFFAOYSA-N,0.026268320000000001,-0.0265192
JPGQOUSTVILISH-SFOWXEAESA-N,0.040381159999999999,-0.020824220000000001
PBGKNXWGYQPUJK-UHFFFAOYSA-N,0.043644959999999997,-0.047145020000000003
NLHAIPFBNQZTMY-UHFFFAOYSA-N,0.033737099999999999,-0.025796030000000001
HBNYJWAFDZLWRS-UHFFFAOYSA-N,0.026138979999999999,-0.027676160000000002
ODFFPRGJZRXNHZ-UHFFFAOYSA-N,0.041245619999999997,-0.035235229999999999
KGIGUEBEKRSTEW-UHFFFAOYSA-N,0.016508800000000001,-0.036557289999999999
BNWQEHYYXTVKOF-UHFFFAOYSA-N,0.034755609999999999,-0.044182039999999999
REYJJPSVUYRZGE-UHFFFAOYSA-N,0.019480540000000001,-0.017615189999999999
WBJINCZRORDGAQ-UHFFFAOYSA-N,0.030136449999999999,-0.041382059999999998
KFZMGEQAYNKOFK-UHFFFAOYSA-N,0.024386060000000001,-0.035333419999999997
WVLBCYQITXONBZ-UHFFFAOYSA-N,0.019347,-0.059782519999999999
WFDIJRYMOXRFFG-UHFFFAOYSA-N,0.020425180000000001,-0.052429780000000002
FWSPXZXVNVQHIF-UHFFFAOYSA-N,0.076545639999999998,-0.01699378
WEVYAHXRMPXWCK-UHFFFAOYSA-N,0.021849170000000001,-0.028143209999999998
FERIUCNNQQJTOY-UHFFFAOYSA-N,0.024697429999999999,-0.043092169999999999
JLTDJTHDQAWBAV-UHFFFAOYSA-N,0.0147349,-0.030984999999999999
WJQWYAJTPPYORB-UHFFFAOYSA-N,0.037123250000000003,-0.062114559999999999
BNUHAJGCKIQFGE-UHFFFAOYSA-N,0.032677339999999999,-0.062124789999999999
MFEIKQPHQINPRI-UHFFFAOYSA-N,0.01497886,-0.038575529999999997
YEJRWHAVMIAJKC-UHFFFAOYSA-N,0.02723824,-0.050894479999999999
GBNHEBQXJVDXSW-UHFFFAOYSA-N,0.043141609999999997,-0.024227680000000001
GXELTROTKVKZBQ-UHFFFAOYSA-N,0.01508834,-0.036493680000000001
HHAISVSEJFEWBZ-UHFFFAOYSA-N,0.031667769999999998,-0.030117189999999999
DEHSPEZTBSYMPL-UHFFFAOYSA-N,0.030999240000000001,-0.060487560000000003
RTJGTTXUCVCPIQ-UHFFFAOYSA-N,0.04288177,-0.064681180000000005
BTANRVKWQNVYAZ-SCSAIBSYSA-N,0.024391719999999999,-0.03498623
SUVIGLJNEAMWEG-UHFFFAOYSA-N,0.0079941630000000003,-0.015864650000000001
GJRQTCIYDGXPES-UHFFFAOYSA-N,0.01591157,-0.043964450000000002
WSJNYOVBJSOQST-UHFFFAOYSA-N,0.01787613,-0.045211969999999997
UFWIBTONFRDIAS-UHFFFAOYSA-N,0.01285011,-0.025104060000000001
UMIPWJGWASORKV-UHFFFAOYSA-N,0.026213500000000001,-0.026876730000000001
VHYFNPMBLIVWCW-UHFFFAOYSA-N,0.019036330000000001,-0.044636990000000001
XNLICIUVMPYHGG-UHFFFAOYSA-N,0.017794629999999999,-0.039418250000000002
YXVFYQXJAXKLAK-UHFFFAOYSA-N,0.03513902,-0.027773039999999999
PYLWMHQQBFSUBP-UHFFFAOYSA-N,0.016763409999999999,-0.02994076
DQWPFSLDHJDLRL-UHFFFAOYSA-N,0.017137010000000001,-0.0608222
OEPRBXUJOQLYID-UHFFFAOYSA-N,0.0176633,-0.034538010000000001
BHAAPTBBJKJZER-UHFFFAOYSA-N,0.020152440000000001,-0.039549840000000003
OOHAUGDGCWURIT-UHFFFAOYSA-N,0.0054553029999999999,-0.039736760000000003
VYHBFRJRBHMIQZ-UHFFFAOYSA-N,0.021633090000000001,-0.035196640000000001
URLKBWYHVLBVBO-UHFFFAOYSA-N,0.010173059999999999,-0.019596120000000002
CPWSNJSGSXXVLD-CHIWXEEVSA-N,0.0089320730000000004,-0.037034520000000001
FDQQNNZKEJIHMS-UHFFFAOYSA-N,0.03186315,-0.026743119999999999
VSYFZULSKMFUJJ-UHFFFAOYSA-N,0.017250250000000002,-0.046576220000000002
TZAJCDOWOPBMKD-UHFFFAOYSA-N,0.028328059999999999,-0.049838380000000002
QUSNBJAOOMFDIB-UHFFFAOYSA-N,0.015482330000000001,-0.037197050000000002
OISVCGZHLKNMSJ-UHFFFAOYSA-N,0.015634140000000001,-0.038527350000000002
RAOIDOHSFRTOEL-UHFFFAOYSA-N,0.0074952739999999997,-0.017095369999999999
DVVGIUUJYPYENY-UHFFFAOYSA-N,0.029412379999999998,-0.048194899999999999
KDISMIMTGUMORD-UHFFFAOYSA-N,0.01653748,-0.044909860000000003
NODGRWCMFMEGJH-UHFFFAOYSA-N,0.020032189999999998,-0.040280789999999997
LYDRKKWPKKEMNZ-UHFFFAOYSA-N,0.017027790000000001,-0.043788929999999997
HUDYANRNMZDQGA-UHFFFAOYSA-N,0.020459939999999999,-0.044798360000000002
ADBSTNAYQBHUDD-UHFFFAOYSA-N,0.034814360000000003,-0.026807930000000001
FJKIXWOMBXYWOQ-UHFFFAOYSA-N,0.016626479999999999,-0.034098259999999998
OWIKHYCFFJSOEH-UHFFFAOYSA-N,0.038189790000000001,-0.026219070000000001
UYFJYGWNYQCHOB-UHFFFAOYSA-N,0.019462630000000002,-0.040272259999999997
VLLNJDMHDJRNFK-CHIWXEEVSA-N,0.02387305,-0.037130259999999998
ULTHEAFYOOPTTB-UHFFFAOYSA-N,0.01642101,-0.0088296829999999996
OGRAOKJKVGDSFR-UHFFFAOYSA-N,0.03184464,-0.024250560000000001
KBVQJEKAHKMCID-FNORWQNLSA-N,0.02689159,-0.039908680000000002
QHSCXYZVJCEABQ-UHFFFAOYSA-N,0.039978149999999997,-0.033457550000000003
UHGULLIUJBCTEF-UHFFFAOYSA-N,0.02959293,-0.038558599999999998
IMNDHOCGZLYMRO-UHFFFAOYSA-N,0.01667244,-0.0503913
QKZRSIWEFMDUIL-UHFFFAOYSA-N,0.013212369999999999,-0.048057049999999997
YLQWCDOCJODRMT-UHFFFAOYSA-N,0.023321769999999999,-0.038824959999999999
IVSZLXZYQVIEFR-UHFFFAOYSA-N,0.0104057,-0.019905679999999999
BBLDTXFLAHKYFJ-UHFFFAOYSA-N,0.0074256280000000001,-0.038123709999999998
GBCKRQRXNXQQPW-UHFFFAOYSA-N,0.0069370079999999997,-0.039304949999999998
DKPFZGUDAPQIHT-UHFFFAOYSA-N,0.0150457,-0.044342609999999998
SKMUIZHHMAPKIV-UHFFFAOYSA-N,0.0145795,-0.040487380000000003
XFNJVJPLKCPIBV-UHFFFAOYSA-N,0.017421550000000001,-0.041243170000000003
FJDUDHYHRVPMJZ-UHFFFAOYSA-N,0.01473184,-0.036879139999999998
YNBADRVTZLEFNH-UHFFFAOYSA-N,0.023217539999999998,-0.04055375
ILBIXZPOMJFOJP-UHFFFAOYSA-N,0.02714138,-0.046569050000000001
CDNHLXOFELOEOL-UHFFFAOYSA-N,0.032962369999999998,-0.028249280000000002
GGYVTHJIUNGKFZ-UHFFFAOYSA-N,0.014922349999999999,-0.046888989999999998
AIMREYQYBFBEGQ-UHFFFAOYSA-N,0.034154480000000001,-0.059232720000000003
PERWAYOEWJEJNO-UHFFFAOYSA-N,0.032100780000000002,-0.034344329999999999
OCVLSHAVSIYKLI-UHFFFAOYSA-N,0.034788289999999999,-0.024549850000000002
DSSYKIVIOFKYAU-XCBNKYQSSA-N,0.01247963,-0.038822099999999998
JCMZZYSPSGHBNM-UHFFFAOYSA-N,0.018110669999999999,-0.042927470000000002
JITPLZPWKYUTDM-UHFFFAOYSA-N,0.035095080000000001,-0.043371119999999999
BAYUSCHCCGXLAY-UHFFFAOYSA-N,0.0239738,-0.039350679999999999
ODAJDDMWMREWGL-UHFFFAOYSA-N,0.04261877,-0.02349505
RFVHVYKVRGKLNK-UHFFFAOYSA-N,0.019170840000000001,-0.041668480000000001
DAZXVJBJRMWXJP-UHFFFAOYSA-N,0.0053214229999999996,-0.035881950000000003
BHTSNYQWLQLLOD-WUQLGEGHSA-N,0.01063186,-0.040609310000000003
XXROGKLTLUQVRX-UHFFFAOYSA-N,0.02654981,-0.030973230000000001
BMVXCPBXGZKUPN-UHFFFAOYSA-N,0.01484303,-0.037317780000000002
FKNQCJSGGFJEIZ-UHFFFAOYSA-N,0.0151968,-0.039517009999999998
IEJIGPNLZYLLBP-UHFFFAOYSA-N,0.019228200000000001,-0.042503649999999997
ZTQSAGDEMFDKMZ-UHFFFAOYSA-N,0.02429833,-0.038148010000000003
YHRUOJUYPBUZOS-UHFFFAOYSA-N,0.020139480000000001,-0.017082679999999999
PZPYIRQFCOFLGJ-UHFFFAOYSA-N,0.02372693,-0.033829779999999997
XRGPFNGLRSIPSA-UHFFFAOYSA-N,0.036518460000000003,-0.040777529999999999
QPKDBLGFWZSDSB-UHFFFAOYSA-N,0.017711729999999998,-0.028369620000000002
UNFUYWDGSFDHCW-UHFFFAOYSA-N,0.014245809999999999,-0.019757710000000001
VLFTYFLZHORIBC-UHFFFAOYSA-N,0.060362829999999999,-0.029310969999999999
BRLQWZUYTZBJKN-VKHMYHEASA-N,0.023205159999999999,-0.036283120000000002
SUFGUGHOVHXSII-UHFFFAOYSA-N,0.028369169999999999,-0.02832136
CZGCEKJOLUNIFY-UHFFFAOYSA-N,0.030748600000000001,-0.054589039999999998
LCZUOKDVTBMCMX-UHFFFAOYSA-N,0.019963410000000001,-0.032791170000000001
MTZQAGJQAFMTAQ-UHFFFAOYSA-N,0.017641440000000001,-0.045312169999999999
FQVPFGDPYSIWTM-UHFFFAOYSA-N,0.02233429,-0.050777620000000002
QPHZWABVAIGWHI-UHFFFAOYSA-N,0.044957799999999999,-0.05387173
YYVYAPXYZVYDHN-UHFFFAOYSA-N,0.028703469999999998,-0.054497200000000003
DKGAVHZHDRPRBM-UHFFFAOYSA-N,0.024467340000000001,-0.036207139999999999
DQYDFMBXYUTXOK-UHFFFAOYSA-N,0.01445278,-0.053569770000000003
YNJBWRMUSHSURL-UHFFFAOYSA-N,0.036193009999999998,-0.034930599999999999
HPXRVTGHNJAIIH-UHFFFAOYSA-N,0.024445850000000002,-0.03593259
HUMNYLRZRPPJDN-UHFFFAOYSA-N,0.02127107,-0.039727800000000001
DOYODMYEMDHHCE-UHFFFAOYSA-N,0.02831987,-0.064181580000000002
DMBHHRLKUKUOEG-UHFFFAOYSA-N,0.01986315,-0.037303660000000002
RWEQEWKAJFTONV-UHFFFAOYSA-N,0.04214888,-0.022522839999999999
HCEKGPAHZCYRBZ-UHFFFAOYSA-N,0.02072067,-0.035225069999999997
ULKWBVNMJZUEBD-UHFFFAOYSA-N,0.016311719999999998,-0.050147150000000001
NBBJYMSMWIIQGU-UHFFFAOYSA-N,0.024555440000000001,-0.03787575
PPBRXRYQALVLMV-UHFFFAOYSA-N,0.012802590000000001,-0.022919450000000001
MBLHLTGHXCTWAO-UHFFFAOYSA-N,0.033177039999999998,-0.057706250000000001
ZUOUZKKEUPVFJK-UHFFFAOYSA-N,0.01102888,-0.024366329999999999
AGSPXMVUFBBBMO-UHFFFAOYSA-N,0.029578070000000001,-0.033223240000000001
JEDHEXUPBRMUMB-UHFFFAOYSA-N,0.018147569999999998,-0.04172298
OXHNLMTVIGZXSG-UHFFFAOYSA-N,0.0191215,-0.047000489999999999
BPRYUXCVCCNUFE-UHFFFAOYSA-N,0.030414630000000002,-0.026631060000000002
FQAMAOOEZDRHHB-UHFFFAOYSA-N,0.029643940000000001,-0.021478589999999999
FZWLAAWBMGSTSO-UHFFFAOYSA-N,0.02601554,-0.040330690000000002
BLKXLEPPVDUHBY-UHFFFAOYSA-N,0.023209359999999998,-0.059338250000000002
UIZVATMSLGDSAW-UHFFFAOYSA-N,0.024999960000000002,-0.056812929999999998
JXTGICXCHWMCPM-VIFPVBQESA-N,0.036574540000000003,-0.073635190000000003
YNAVUWVOSKDBBP-UHFFFAOYSA-N,0.016038,-0.035083160000000002
JYMNQRQQBJIMCV-UHFFFAOYSA-N,0.02299035,-0.03450661
IZUPBVBPLAPZRR-UHFFFAOYSA-N,0.034774090000000001,-0.023865819999999999
NRGGMCIBEHEAIL-UHFFFAOYSA-N,0.01606631,-0.040370169999999997
DSGZADFUTPZEMZ-UHFFFAOYSA-N,0.019710689999999999,-0.041177190000000002
RXYPXQSKLGGKOL-UHFFFAOYSA-N,0.0073327510000000002,-0.036130549999999997
BIPUHAHGLJKIPK-UHFFFAOYSA-N,0.016920569999999999,-0.042018930000000003
SDXAWLJRERMRKF-UHFFFAOYSA-N,0.038419960000000003,-0.037236060000000001
IMRWILPUOVGIMU-UHFFFAOYSA-N,0.01957008,-0.03855132
DURPTKYDGMDSBL-UHFFFAOYSA-N,0.0051308880000000001,-0.036551699999999999
BXRFQSNOROATLV-UHFFFAOYSA-N,0.038887539999999998,-0.050002530000000003
NLPHXWGWBKZSJC-UHFFFAOYSA-N,0.027969520000000001,-0.032867899999999999
PNPCRKVUWYDDST-UHFFFAOYSA-N,0.026360410000000001,-0.033363669999999998
ZOMKCDYJHAQMCU-UHFFFAOYSA-N,0.034056929999999999,-0.055125559999999997
RENMDAKOXSCIGH-UHFFFAOYSA-N,0.033282680000000002,-0.02110559
CGZZMOTZOONQIA-UHFFFAOYSA-N,0.017716570000000001,-0.040582210000000001
TYMLOMAKGOJONV-UHFFFAOYSA-N,0.042479740000000002,-0.06207294
HSQXKKSEAOWACG-GEHXZAHHSA-N,0.023808300000000001,-0.02871334
AHJWSRRHTXRLAQ-UHFFFAOYSA-N,0.0094587939999999995,-0.030394560000000001
DTQVDTLACAAQTR-UHFFFAOYSA-N,0.0461868,-0.02373333
FOCAUTSVDIKZOP-UHFFFAOYSA-N,0.0299676,-0.037560799999999998
RZXMPPFPUUCRFN-UHFFFAOYSA-N,0.02135455,-0.038807139999999997
SMWDFEZZVXVKRB-UHFFFAOYSA-N,0.01794521,-0.037144280000000002
HXRJCRXYCLFNPC-UHFFFAOYSA-N,0.031693899999999997,-0.059083379999999998
WGQKYBSKWIADBV-UHFFFAOYSA-N,0.018455989999999999,-0.03885106
MCROFHCOHPROAE-UHFFFAOYSA-N,0.043821480000000003,-0.044796330000000002
XEKOWRVHYACXOJ-UHFFFAOYSA-N,0.0153691,-0.042828400000000003
UWHSPZZUAYSGTB-UHFFFAOYSA-N,0.014050409999999999,-0.047265170000000002
YUWFEBAXEOLKSG-UHFFFAOYSA-N,0.0039901839999999999,-0.021344990000000001
SEEYREPSKCQBBF-UHFFFAOYSA-N,0.02933274,-0.033355179999999998
GGDYAKVUZMZKRV-UHFFFAOYSA-N,0.031910819999999999,-0.032378480000000001
QARVLSVVCXYDNA-UHFFFAOYSA-N,0.014025640000000001,-0.02066983
NHEUXRXASLPKGO-UHFFFAOYSA-N,0.039259540000000002,-0.047172749999999999
NTIZESTWPVYFNL-UHFFFAOYSA-N,0.017239069999999999,-0.039383109999999999
HHVIBTZHLRERCL-UHFFFAOYSA-N,0.055196050000000003,-0.064857719999999994
HEXCXGXJELSYJW-UHFFFAOYSA-N,0.037561129999999998,-0.066410810000000001
WMYNMYVRWWCRPS-UHFFFAOYSA-N,0.027584060000000001,-0.032324680000000001
NWPWRAWAUYIELB-UHFFFAOYSA-N,0.017046990000000001,-0.045313659999999999
KUFFULVDNCHOFZ-UHFFFAOYSA-N,0.0300652,-0.026029050000000001
FEWLNYSYJNLUOO-UHFFFAOYSA-N,0.026023709999999999,-0.046610609999999997
VHFUHRXYRYWELT-UHFFFAOYSA-N,0.020186530000000001,-0.035511819999999999
KPWDGTGXUYRARH-UHFFFAOYSA-N,0.033161780000000002,-0.030214660000000001
ZWXPDGCFMMFNRW-UHFFFAOYSA-N,0.016127599999999999,-0.04926548
QRPMWVNREKTPOV-UHFFFAOYSA-N,0.01210487,-0.025035789999999999
XBPPLECAZBTMMK-UHFFFAOYSA-N,0.02226846,-0.042124259999999997
CYNYIHKIEHGYOZ-UHFFFAOYSA-N,0.01194462,-0.0084902280000000007
CSDUKRUFTFEFBO-PGNZUDIJSA-N,0.02684667,-0.017888640000000001
IAZDPXIOMUYVGZ-UHFFFAOYSA-N,0.038606719999999997,-0.072229849999999998
DNJIEGIFACGWOD-UHFFFAOYSA-N,0.0074905060000000001,-0.0153577
AKODNVGCZKBUNT-UHFFFAOYSA-N,0.017211440000000001,-0.055963249999999999
IWDCLRJOBJJRNH-UHFFFAOYSA-N,0.033601680000000002,-0.026714129999999999
OKKJLVBELUTLKV-UHFFFAOYSA-N,0.02704575,-0.035565390000000002
JIHQDMXYYFUGFV-UHFFFAOYSA-N,0.024190179999999999,-0.03058934
ZEFMBAFMCSYJOO-UHFFFAOYSA-N,0.058167089999999998,-0.047298199999999999
FZERHIULMFGESH-UHFFFAOYSA-N,0.03743324,-0.041271299999999997
GRTGGSXWHGKRSB-UHFFFAOYSA-N,0.030229900000000001,-0.034828360000000003
WCFDSGHAIGTEKL-UHFFFAOYSA-N,0.031483829999999997,-0.060656429999999997
XXOIGDFCELVFFJ-UHFFFAOYSA-N,0.053776549999999999,-0.077869320000000006
WZADGDPHGLPABW-UHFFFAOYSA-N,0.018444260000000001,-0.041701040000000002
VQHPRVYDKRESCL-CHIWXEEVSA-N,0.0070810480000000004,-0.0092005990000000003
VEUUMBGHMNQHGO-UHFFFAOYSA-N,0.027354739999999999,-0.039112569999999999
SHQSVMDWKBRBGB-UHFFFAOYSA-N,0.020002780000000001,-0.037155059999999997
CVNOWLNNPYYEOH-UHFFFAOYSA-N,0.045431680000000002,-0.030221600000000001
ZWAJLVLEBYIOTI-OLQVQODUSA-N,0.013906440000000001,-0.036802330000000001
WJQOZHYUIDYNHM-UHFFFAOYSA-N,0.032425559999999999,-0.025519569999999998
CHZCERSEMVWNHL-UHFFFAOYSA-N,0.044090879999999999,-0.036802929999999998
MHDVGSVTJDSBDK-UHFFFAOYSA-N,0.01063915,-0.051276580000000002
JLSSWDFCYXSLQX-UHFFFAOYSA-N,0.023524070000000001,-0.038259509999999997
RLVGHTRVYWUWSH-UHFFFAOYSA-N,0.010827170000000001,-0.039497820000000003
ODKLEQPZOCJQMT-UHFFFAOYSA-N,0.01425352,-0.039440740000000002
XRXMNWGCKISMOH-UHFFFAOYSA-N,0.025709470000000002,-0.046774330000000003
RLSSMJSEOOYNOY-UHFFFAOYSA-N,0.03335573,-0.027300189999999998
SUDHEDJJFGYYPL-UHFFFAOYSA-N,0.01459272,-0.049135970000000001
TZIHFWKZFHZASV-UHFFFAOYSA-N,0.030805320000000001,-0.041529719999999999
SAPQIENQEZURNZ-UHFFFAOYSA-N,0.039005119999999997,-0.027528070000000002
PWXRDOSRCIGJDM-UHFFFAOYSA-N,0.0054043279999999999,-0.018277749999999999
UKROGNGFIXLRHI-UHFFFAOYSA-N,0.01559781,-0.057493349999999999
FZUGPQWGEGAKET-UHFFFAOYSA-N,0.015184700000000001,-0.046031820000000001
PPMDSXRMQXBCJW-UHFFFAOYSA-N,0.02377922,-0.06833939
YHMYGUUIMTVXNW-UHFFFAOYSA-N,0.034106709999999998,-0.028494780000000001
WPYMKLBDIGXBTP-UHFFFAOYSA-N,0.023554039999999998,-0.043827909999999998
LNMBCRKRCIMQLW-UHFFFAOYSA-N,0.0075646849999999998,-0.020407049999999999
OFCCYDUUBNUJIB-UHFFFAOYSA-N,0.021997490000000001,-0.043110099999999998
MCTWTZJPVLRJOU-UHFFFAOYSA-N,0.029448559999999999,-0.04786907
ZMANZCXQSJIPKH-UHFFFAOYSA-N,0.0058448800000000002,-0.034571940000000002
GVALSXYCLDABKT-UHFFFAOYSA-N,0.019797100000000002,-0.058799619999999997
OQEINIBVOPRVOG-UHFFFAOYSA-N,0.019311950000000001,-0.041250120000000001
PMDCZENCAXMSOU-UHFFFAOYSA-N,0.033422140000000003,-0.048073600000000001
DZBUGLKDJFMEHC-UHFFFAOYSA-N,0.018943850000000002,-0.034432150000000002
XSAYZAUNJMRRIR-UHFFFAOYSA-N,0.018484159999999999,-0.040253509999999999
STCOOQWBFONSKY-UHFFFAOYSA-N,0.014438899999999999,-0.061495180000000003
RIOQSEWOXXDEQQ-UHFFFAOYSA-N,0.01157033,-0.03177903
OBNCKNCVKJNDBV-UHFFFAOYSA-N,0.01513542,-0.044538649999999999
YCOXTKKNXUZSKD-UHFFFAOYSA-N,0.031849259999999997,-0.02658667
BGTOWKSIORTVQH-UHFFFAOYSA-N,0.020980849999999999,-0.039125819999999999
RPYZIZAINHSCRS-MSUUIHNZSA-N,0.01094679,-0.030657319999999998
FDPIMTJIUBPUKL-UHFFFAOYSA-N,0.016906000000000001,-0.039103899999999997
VYHVQEYOFIYNJP-UHFFFAOYSA-N,0.02861961,-0.02693628
PFCHFHIRKBAQGU-UHFFFAOYSA-N,0.017259170000000001,-0.037823320000000001
SUNMBRGCANLOEG-UHFFFAOYSA-N,0.038710399999999999,-0.037143460000000003
XUVKSPPGPPFPQN-UHFFFAOYSA-N,0.01928272,-0.043059409999999999
QHPQWRBYOIRBIT-UHFFFAOYSA-N,0.035011790000000001,-0.027341009999999999
QSNSCYSYFYORTR-UHFFFAOYSA-N,0.02642599,-0.033554580000000001
GAZZTEJDUGESGQ-UHFFFAOYSA-N,0.04056978,-0.059064270000000002
WMXCDAVJEZZYLT-UHFFFAOYSA-N,0.0070276080000000003,-0.015900319999999999
OIWFZENWZGPLQZ-UHFFFAOYSA-N,0.01755203,-0.035125629999999998
MNZAKDODWSQONA-UHFFFAOYSA-N,0.023338540000000001,-0.076572269999999998
PAFZNILMFXTMIY-UHFFFAOYSA-N,0.01426764,-0.039717250000000003
ONIHPYYWNBVMID-UHFFFAOYSA-N,0.020269079999999998,-0.039999029999999998
RFFFKMOABOFIDF-UHFFFAOYSA-N,0.020259240000000001,-0.0283536
HAPOVYFOVVWLRS-SSDOTTSWSA-N,0.02450828,-0.037339440000000002
WJYIASZWHGOTOU-UHFFFAOYSA-N,0.01484389,-0.037055890000000001
BTJIUGUIPKRLHP-UHFFFAOYSA-N,0.054119599999999997,-0.058002860000000003
CDQSTBHGKNNPSY-UHFFFAOYSA-N,0.018981499999999998,-0.047951569999999999
VVIAWLIDZAXESO-UHFFFAOYSA-N,0.013410190000000001,-0.042775290000000001
SQNZJJAZBFDUTD-UHFFFAOYSA-N,0.010180450000000001,-0.019766789999999999
YFTHZRPMJXBUME-UHFFFAOYSA-N,0.0060514100000000001,-0.037983169999999997
FKRCODPIKNYEAC-UHFFFAOYSA-N,0.01506886,-0.042362240000000002
FYHIXFCITOCVKH-UHFFFAOYSA-N,0.025249520000000001,-0.029632720000000001
NURQLCJSMXZBPC-UHFFFAOYSA-N,0.01508728,-0.039212799999999999
YSJKYAHYBFJVKV-UHFFFAOYSA-N,0.035192769999999998,-0.032274839999999999
IMFACGCPASFAPR-UHFFFAOYSA-N,0.0048533020000000003,-0.031955440000000002
YFKBXYGUSOXJGS-UHFFFAOYSA-N,0.019288469999999999,-0.04783718
RTZZCYNQPHTPPL-UHFFFAOYSA-N,0.048086289999999997,-0.055968709999999998
HFZKOYWDLDYELC-UHFFFAOYSA-N,0.027643770000000002,-0.059988699999999999
MVPPADPHJFYWMZ-UHFFFAOYSA-N,0.01552038,-0.022233409999999999
GZFGOTFRPZRKDS-UHFFFAOYSA-N,0.035358540000000001,-0.022638970000000001
HJOVHMDZYOCNQW-UHFFFAOYSA-N,0.013942380000000001,-0.041044780000000003
VZGDMQKNWNREIO-UHFFFAOYSA-N,0.01611481,-0.01339683
YIIMEMSDCNDGTB-UHFFFAOYSA-N,0.022745789999999998,-0.042122470000000002
SVEUVITYHIHZQE-UHFFFAOYSA-N,0.024661519999999999,-0.036251279999999997
BHHGXPLMPWCGHP-UHFFFAOYSA-N,0.01674983,-0.039794250000000003
KUAYZLXOOIEGDN-UHFFFAOYSA-N,0.050102550000000003,-0.052426269999999997
XEJIHKUDPINBCS-UHFFFAOYSA-N,0.038261120000000003,-0.040946650000000001
BGJSXRVXTHVRSN-UHFFFAOYSA-N,0.016844669999999999,-0.030933780000000001
LNDJVIYUJOJFSO-UHFFFAOYSA-N,0.043836340000000001,-0.02532649
AAPLIUHOKVUFCC-UHFFFAOYSA-N,0.069407629999999998,-0.038643520000000001
YHQMSHVVGOSZEW-UHFFFAOYSA-N,0.023095009999999999,-0.064977519999999997
IZXIZTKNFFYFOF-UHFFFAOYSA-N,0.03283498,-0.04941943
WRMNZCZEMHIOCP-UHFFFAOYSA-N,0.025144690000000001,-0.034710570000000003
LVQDLURAEDSMES-UHFFFAOYSA-N,0.017369030000000001,-0.045762539999999997
JMVIVASFFKKFQK-UHFFFAOYSA-N,0.016223479999999998,-0.056647299999999998
WTKZEGDFNFYCGP-UHFFFAOYSA-N,0.038408659999999997,-0.035732439999999997
NBRKLOOSMBRFMH-UHFFFAOYSA-N,0.01554617,-0.01923865
VJPAMLCBTIWAHI-UHFFFAOYSA-N,0.02214327,-0.044035039999999998
WMOVHXAZOJBABW-UHFFFAOYSA-N,0.01397514,-0.043067319999999999
CTSZPNIMMLSKDV-UHFFFAOYSA-N,0.0099715099999999994,-0.03988444
AVFZOVWCLRSYKC-UHFFFAOYSA-N,0.0056164220000000003,-0.039037280000000001
XXBDWLFCJWSEKW-UHFFFAOYSA-N,0.01042099,-0.033701450000000001
SVYKKECYCPFKGB-UHFFFAOYSA-N,0.0057914339999999998,-0.036918649999999997
TVDSBUOJIPERQY-UHFFFAOYSA-N,0.030441159999999998,-0.034879640000000003
FMVJYQGSRWVMQV-UHFFFAOYSA-N,0.039371169999999997,-0.042861120000000003
XSQWEWUZBUNKAO-UHFFFAOYSA-N,0.025925449999999999,-0.043388389999999999
HMNKTRSOROOSPP-UHFFFAOYSA-N,0.031119609999999999,-0.027106149999999999
CZPWVGJYEJSRLH-UHFFFAOYSA-N,0.021402770000000002,-0.03511011
KMUZWGCQPPCIKM-UHFFFAOYSA-N,0.0362069,-0.070039809999999994
ZSIAUFGUXNUGDI-UHFFFAOYSA-N,0.024566259999999999,-0.036342409999999999
XZMCDFZZKTWFGF-UHFFFAOYSA-N,0.039082110000000003,-0.027044060000000002
SCYULBFZEHDVBN-UHFFFAOYSA-N,0.023672329999999998,-0.028267819999999999
PSOSICZGLLPDFA-UHFFFAOYSA-N,0.02470325,-0.033024530000000003
ODHXBMXNKOYIBV-UHFFFAOYSA-N,0.01041065,-0.028020119999999999
SKECXRFZFFAANN-UHFFFAOYSA-N,0.019806799999999999,-0.028771970000000001
MWCGLTCRJJFXKR-UHFFFAOYSA-N,0.030669579999999998,-0.041186470000000003
YZERDTREOUSUHF-UHFFFAOYSA-N,0.03922498,-0.029374600000000001
YKUCHDXIBAQWSF-UHFFFAOYSA-N,0.036860770000000001,-0.042930059999999999
PYEHNKXDXBNHQQ-UHFFFAOYSA-N,0.032743559999999998,-0.045863880000000003
DETZZVPMDQPJIC-UHFFFAOYSA-N,0.030566949999999999,-0.064530210000000005
ICKWICRCANNIBI-UHFFFAOYSA-N,0.034367769999999999,-0.028464360000000001
AKQWEDMTPCAESO-UHFFFAOYSA-N,0.019934500000000001,-0.041032220000000001
GEOWCLRLLWTHDN-UHFFFAOYSA-N,0.032810829999999999,-0.037277110000000002
JECUZQLBQKNEMW-UHFFFAOYSA-N,0.020625589999999999,-0.039732389999999999
ZZTSQZQUWBFTAT-UHFFFAOYSA-N,0.0226435,-0.034016930000000001
LSCYTCMNCWMCQE-UHFFFAOYSA-N,0.027288759999999999,-0.041463079999999999
WQAQPCDUOCURKW-UHFFFAOYSA-N,0.0071709779999999997,-0.015781010000000002
YOJAHJGBFDPSDI-UHFFFAOYSA-N,0.033833130000000003,-0.052745010000000002
ASSKVPFEZFQQNQ-UHFFFAOYSA-N,0.038021480000000003,-0.04512509
NAQMVNRVTILPCV-UHFFFAOYSA-N,0.014991920000000001,-0.037410949999999998
AQEFLFZSWDEAIP-UHFFFAOYSA-N,0.0078032709999999996,-0.03706777
WPGHPGAUFIJVJF-UHFFFAOYSA-N,0.017533679999999999,-0.029536650000000001
NXXYKOUNUYWIHA-UHFFFAOYSA-N,0.030002819999999999,-0.02721906
GXMIHVHJTLPVKL-UHFFFAOYSA-N,0.014843439999999999,-0.041263609999999999
CRBJBYGJVIBWIY-UHFFFAOYSA-N,0.0283967,-0.03079836
ASHGTJPOSUFTGB-UHFFFAOYSA-N,0.030899610000000001,-0.026742330000000002
DSWNRHCOGVRDOE-ONEGZZNKSA-N,0.0213391,-0.043592430000000001
WDGYPUOJGIEZMO-CSKARUKUSA-N,0.032176999999999997,-0.071291660000000007
IENJMFWWRIWLIW-UHFFFAOYSA-N,0.031539909999999997,-0.0250621
FXHOOIRPVKKKFG-UHFFFAOYSA-N,0.020876390000000002,-0.046939500000000002
YXTROGRGRSPWKL-UHFFFAOYSA-N,0.016437650000000002,-0.050445280000000002
PJGSXYOJTGTZAV-UHFFFAOYSA-N,0.015773269999999999,-0.03959911
VEFLKXRACNJHOV-UHFFFAOYSA-N,0.01327702,-0.010610380000000001
OZJPLYNZGCXSJM-UHFFFAOYSA-N,0.025222089999999999,-0.05587462
FCLOSAGZCUDMFV-UHFFFAOYSA-N,0.043125139999999999,-0.04446452
DPOZWTRVXPUOQW-UHFFFAOYSA-N,0.023834950000000001,-0.025603480000000001
BOHCMQZJWOGWTA-UHFFFAOYSA-N,0.020372000000000001,-0.029742999999999999
GRHBQAYDJPGGLF-UHFFFAOYSA-N,0.035487049999999999,-0.0288991
WEHWNAOGRSTTBQ-UHFFFAOYSA-N,0.013715450000000001,-0.037898149999999999
XKVUYEYANWFIJX-UHFFFAOYSA-N,0.03814356,-0.036434649999999999
LFQSCWFLJHTTHZ-UHFFFAOYSA-N,0.024714670000000001,-0.035078129999999999
SUSQOBVLVYHIEX-UHFFFAOYSA-N,0.017951040000000001,-0.03009802
YXIWHUQXZSMYRE-UHFFFAOYSA-N,0.03184973,-0.02238159
LDDOSDVZPSGLFZ-UHFFFAOYSA-N,0.015725840000000001,-0.044587269999999998
PSXLJUKMMIHADB-UHFFFAOYSA-N,0.039179070000000003,-0.043649729999999998
JVZRCNQLWOELDU-UHFFFAOYSA-N,0.01444368,-0.039371179999999999
PPWNCLVNXGCGAF-UHFFFAOYSA-N,0.025776360000000002,-0.026775520000000001
LYGJENNIWJXYER-UHFFFAOYSA-N,0.042863249999999999,-0.0540379
JKANAVGODYYCQF-UHFFFAOYSA-N,0.029294540000000001,-0.03612833
ZQWPRMPSCMSAJU-UHFFFAOYSA-N,0.01387657,-0.043211779999999998
UHOVQNZJYSORNB-UHFFFAOYSA-N,0.0099371319999999996,-0.019324500000000001
ORPHOKOVVUFNKE-UHFFFAOYSA-N,0.015896400000000002,-0.056385669999999999
BWHOZHOGCMHOBV-BQYQJAHWSA-N,0.02121899,-0.041694490000000001
KSMVZQYAVGTKIV-UHFFFAOYSA-N,0.02180346,-0.038099960000000002
SWIMPUZQSVMCCL-UHFFFAOYSA-N,0.014949260000000001,-0.050323659999999999
WMQUKDQWMMOHSA-UHFFFAOYSA-N,0.025817469999999999,-0.034693700000000001
UJOBWOGCFQCDNV-UHFFFAOYSA-N,0.034746029999999997,-0.034487360000000002
MTPBUCCXRGSDCR-UHFFFAOYSA-N,0.01474781,-0.03977406
JBIJLHTVPXGSAM-UHFFFAOYSA-N,0.02288774,-0.038245179999999997
FAXDZWQIWUSWJH-UHFFFAOYSA-N,0.01329609,-0.03795871
ILVXOBCQQYKLDS-UHFFFAOYSA-N,0.024208339999999998,-0.053767710000000003
JHIVVAPYMSGYDF-UHFFFAOYSA-N,0.019345049999999999,-0.040071570000000001
PEEHTFAAVSWFBL-UHFFFAOYSA-N,0.030539670000000001,-0.033357089999999999
YFDSDPIBEUFTMI-UHFFFAOYSA-N,0.027011449999999999,-0.031046290000000001
YTPLMLYBLZKORZ-UHFFFAOYSA-N,0.014412899999999999,-0.028692740000000001
NKTOLZVEWDHZMU-UHFFFAOYSA-N,0.029493209999999999,-0.026408600000000001
BUFHMXOHXTZRDH-UHFFFAOYSA-N,0.016522849999999999,-0.04778288
KYEACNNYFNZCST-UHFFFAOYSA-N,0.03072503,-0.036451160000000003
ZAFNJMIOTHYJRJ-UHFFFAOYSA-N,0.0074832579999999996,-0.035792949999999997
ROFVEXUMMXZLPA-UHFFFAOYSA-N,0.01514779,-0.02824163
LMTGCJANOQOGPI-UHFFFAOYSA-N,0.01703091,-0.047154969999999997
JBTWLSYIZRCDFO-UHFFFAOYSA-N,0.01772048,-0.043650590000000003
ATDGTVJJHBUTRL-UHFFFAOYSA-N,0.03196243,-0.026622549999999998
GOOHAUXETOMSMM-VKHMYHEASA-N,0.01413464,-0.037061150000000001
HLDBHWJNZHGZMV-LLVKDONJSA-N,0.037614740000000001,-0.070418700000000001
IUGYQRQAERSCNH-UHFFFAOYSA-N,0.024125850000000001,-0.043418739999999997
HXJUTPCZVOIRIF-UHFFFAOYSA-N,0.039331419999999999,-0.065448409999999999
MOZAVBNQQPUPNA-UHFFFAOYSA-N,0.031180070000000001,-0.02645115
JTPZTKBRUCILQD-UHFFFAOYSA-N,0.02621306,-0.049822980000000003
NTDQQZYCCIDJRK-UHFFFAOYSA-N,0.03443094,-0.028698709999999999
XIFJZJPMHNUGRA-UHFFFAOYSA-N,0.037375890000000002,-0.058030209999999999
YNPNZTXNASCQKK-UHFFFAOYSA-N,0.015138530000000001,-0.0254694
SVHOVVJFOWGYJO-UHFFFAOYSA-N,0.029154159999999998,-0.028834180000000001
NUOGEPIJFRZXIN-UHFFFAOYSA-N,0.021041339999999999,-0.045146789999999999
ZYPLZLQKRFFKCL-UHFFFAOYSA-N,0.029587530000000001,-0.034110460000000002
HWWYDZCSSYKIAD-UHFFFAOYSA-N,0.016041110000000001,-0.038331690000000002
LKKHEZBRRGJBGH-UHFFFAOYSA-N,0.059790620000000003,-0.034912550000000001
BGNGWHSBYQYVRX-UHFFFAOYSA-N,0.021435630000000001,-0.04457726
OZKOMUDCMCEDTM-UHFFFAOYSA-N,0.02129969,-0.034438509999999999
WXEHBUMAEPOYKP-UHFFFAOYSA-N,0.0069174620000000001,-0.01744327
PBMFSQRYOILNGV-UHFFFAOYSA-N,0.023338560000000001,-0.045695529999999998
BWZVCCNYKMEVEX-UHFFFAOYSA-N,0.01435874,-0.03787944
ATVJXMYDOSMEPO-UHFFFAOYSA-N,0.0099263029999999992,-0.03978516
MZBIWKMCTWJLPT-UHFFFAOYSA-N,0.02428663,-0.061733030000000001
AMCTWDASUQVRCQ-UHFFFAOYSA-N,0.047703929999999999,-0.022038370000000002
NPKXLCMBIGGTTQ-UHFFFAOYSA-N,0.014136259999999999,-0.034832479999999999
HCIBTBXNLVOFER-UHFFFAOYSA-N,0.01866369,-0.041159969999999997
JSDBKAHWADVXFU-UHFFFAOYSA-N,0.041536730000000001,-0.04084227
KZTYYGOKRVBIMI-UHFFFAOYSA-N,0.02599516,-0.072297239999999999
WSLDOOZREJYCGB-UHFFFAOYSA-N,0.029621999999999999,-0.029292990000000001
GRIXINIGTYIHSN-UHFFFAOYSA-N,0.02298234,-0.054818640000000002
MQBNSGDDWSWJLR-UHFFFAOYSA-N,0.023386509999999999,-0.042848320000000002
SIKJAQJRHWYJAI-UHFFFAOYSA-N,0.03524505,-0.038490509999999999
TXZFPFSKKKPJIK-UHFFFAOYSA-N,0.02114487,-0.061153470000000001
ZRSNZINYAWTAHE-UHFFFAOYSA-N,0.024346949999999999,-0.04098048
FIQMHBFVRAXMOP-UHFFFAOYSA-N,0.015737210000000001,-0.072025339999999993
MIIWISWSCMVZHG-UHFFFAOYSA-N,0.034851069999999998,-0.053542880000000001
AQNQQHJNRPDOQV-UHFFFAOYSA-N,0.01154081,-0.0089363740000000004
SZIFAVKTNFCBPC-UHFFFAOYSA-N,0.023855709999999999,-0.030361969999999999
MESJRHHDBDCQTH-UHFFFAOYSA-N,0.03026467,-0.030347559999999999
KZNICNPSHKQLFF-UHFFFAOYSA-N,0.032351009999999999,-0.036009800000000002
HTJDQJBWANPRPF-UHFFFAOYSA-N,0.013887419999999999,-0.038008750000000001
PWRBCZZQRRPXAB-UHFFFAOYSA-N,0.020549850000000001,-0.033930689999999999
YBRBMKDOPFTVDT-UHFFFAOYSA-N,0.0139206,-0.038902140000000002
RVDBZQDTMHPUAJ-UHFFFAOYSA-N,0.0281572,-0.064624550000000003
OAGOUCJGXNLJNL-UHFFFAOYSA-N,0.02381716,-0.031502780000000001
NUJGJRNETVAIRJ-UHFFFAOYSA-N,0.02170176,-0.037924590000000001
OOLOYCGJRJFTPM-UHFFFAOYSA-N,0.029727469999999999,-0.031388550000000001
ZMXDDKWLCZADIW-UHFFFAOYSA-N,0.029867029999999999,-0.045704019999999998
NPZOFLLFFNIYON-LBPRGKRZSA-N,0.03828865,-0.070194259999999994
DRUIESSIVFYOMK-UHFFFAOYSA-N,0.018627870000000001,-0.012487359999999999
RISOHYOEPYWKOB-UHFFFAOYSA-N,0.04129886,-0.034115439999999997
MSPDNPMYZVJMAM-OVMOHIIOSA-N,0.01934926,-0.040514179999999997
MTAODLNXWYIKSO-UHFFFAOYSA-N,0.023761870000000001,-0.043768040000000001
HEDRZPFGACZZDS-UHFFFAOYSA-N,0.024282450000000001,-0.01906149
OSASVXMJTNOKOY-UHFFFAOYSA-N,0.028735879999999998,-0.033938349999999999
YRHRIQCWCFGUEQ-UHFFFAOYSA-N,0.018230949999999999,-0.038908730000000002
JAMNHZBIQDNHMM-UHFFFAOYSA-N,0.019456609999999999,-0.029518119999999998
ZNSMNVMLTJELDZ-UHFFFAOYSA-N,0.018317469999999999,-0.01412706
PIICEJLVQHRZGT-UHFFFAOYSA-N,0.01613906,-0.03863842
SUAKHGWARZSWIH-UHFFFAOYSA-N,0.029882189999999999,-0.046669219999999997
JEJBXIHZMUVILV-QMMMGPOBSA-N,0.0066799959999999997,-0.018952859999999998
VLJSLTNSFSOYQR-UHFFFAOYSA-N,0.034576999999999997,-0.02896615
QSJXEFYPDANLFS-UHFFFAOYSA-N,0.023273599999999998,-0.028686819999999998
VPOMSPZBQMDLTM-UHFFFAOYSA-N,0.040500519999999998,-0.018006680000000001
VVJKKWFAADXIJK-UHFFFAOYSA-N,0.015146659999999999,-0.037314890000000003
NWVVVBRKAWDGAB-UHFFFAOYSA-N,0.033145149999999998,-0.027221100000000002
CHSPMZWZNFDUDE-UHFFFAOYSA-N,0.049697409999999997,-0.085467840000000003
FJLUATLTXUNBOT-UHFFFAOYSA-N,0.025324880000000001,-0.014826290000000001
IQZZFVDIZRWADY-UHFFFAOYSA-N,0.025980630000000001,-0.051176859999999998
WBDSPWDNJYQQDT-UHFFFAOYSA-N,0.016554800000000001,-0.046378379999999997
HXDOZKJGKXYMEW-UHFFFAOYSA-N,0.033379440000000003,-0.02684636
UBUCNCOMADRQHX-UHFFFAOYSA-N,0.016315050000000001,-0.04229811
AOPDRZXCEAKHHW-UHFFFAOYSA-N,0.0057683659999999996,-0.03644824
XOUQAVYLRNOXDO-UHFFFAOYSA-N,0.033065909999999997,-0.027858979999999998
FHUODBDRWMIBQP-UHFFFAOYSA-N,0.021348160000000001,-0.04611763
KJCVRFUGPWSIIH-UHFFFAOYSA-N,0.033641530000000003,-0.025121609999999999
NYPYPOZNGOXYSU-UHFFFAOYSA-N,0.018548160000000001,-0.036176729999999997
IDJCCRRYIMWLSQ-UHFFFAOYSA-N,0.01633049,-0.056614640000000001
DCKVNWZUADLDEH-YFKPBYRVSA-N,0.01457109,-0.043924020000000001
JIRGTCBOQAJBHY-UHFFFAOYSA-N,0.01558418,-0.057188959999999997
BVSPJPNNLDIUFE-UHFFFAOYSA-N,0.02718129,-0.063775999999999999
XACSJLKCXDEIPX-UHFFFAOYSA-N,0.033608159999999998,-0.046705539999999997
BKZXZGWHTRCFPX-UHFFFAOYSA-N,0.028383129999999999,-0.02712289
KIPSRYDSZQRPEA-UHFFFAOYSA-N,0.03091872,-0.02544884
PSHKMPUSSFXUIA-UHFFFAOYSA-N,0.01513609,-0.038049060000000003
WFJSIIHYYLHRHB-UHFFFAOYSA-N,0.025342920000000001,-0.031973050000000003
XQAACMFZWHCPPN-UHFFFAOYSA-N,0.01656119,-0.056089529999999999
UWKQJZCTQGMHKD-UHFFFAOYSA-N,0.015257990000000001,-0.031000670000000001
XZIAFENWXIQIKR-UHFFFAOYSA-N,0.01746296,-0.042676510000000001
IWTFOFMTUOBLHG-UHFFFAOYSA-N,0.01597252,-0.032696879999999998
WDAXFOBOLVPGLV-UHFFFAOYSA-N,0.014297519999999999,-0.043736369999999997
OOYRLFIIUVBZSY-UHFFFAOYSA-N,0.018400969999999999,-0.048064530000000001
KFTODZKBBUMDQB-PVQJCKRUSA-N,0.03542294,-0.02217334
XNBKKRFABABBPM-UHFFFAOYSA-N,0.01892974,-0.044519860000000001
KJPRLNWUNMBNBZ-QPJJXVBHSA-N,0.023914589999999999,-0.041162589999999999
GCDVQIPVANUWJO-UHFFFAOYSA-N,0.031536689999999999,-0.04860594
NLHHRLWOUZZQLW-UHFFFAOYSA-N,0.02261724,-0.029152020000000001
XYWDPYKBIRQXQS-UHFFFAOYSA-N,0.0082635009999999995,-0.01847822
KMSNYNIWEORQDJ-UHFFFAOYSA-N,0.019897809999999998,-0.036283320000000001
XHNTVKASLQLNFM-UHFFFAOYSA-N,0.012262189999999999,-0.042840089999999997
RIFKADJTWUGDOV-UHFFFAOYSA-N,0.015879239999999999,-0.038966319999999999
QJQAMHYHNCADNR-UHFFFAOYSA-N,0.033023370000000003,-0.04858316
SYEXGNJRYPOUSI-DNSLJTBWSA-N,0.011699650000000001,-0.045103709999999998
OSWPMRLSEDHDFF-UHFFFAOYSA-N,0.018418239999999999,-0.038446080000000001
GMQVFHZSXKJCIV-UHFFFAOYSA-N,0.051984370000000002,-0.018055950000000001
DXYPGMZJNUIZMU-UHFFFAOYSA-N,0.020830109999999999,-0.029910490000000001
AHHWIHXENZJRFG-UHFFFAOYSA-N,0.01153795,-0.03880455
UQFQONCQIQEYPJ-UHFFFAOYSA-N,0.025944800000000001,-0.037541560000000002
AEKVBBNGWBBYLL-UHFFFAOYSA-N,0.025079779999999999,-0.02519265
ARCZSDSOONGBRX-UHFFFAOYSA-N,0.045483339999999997,-0.046402079999999998
KKHBRTFQIYIHEI-UHFFFAOYSA-N,0.034309590000000001,-0.025971259999999999
RWCCWEUUXYIKHB-UHFFFAOYSA-N,0.017956630000000001,-0.041938860000000001
CWHFDTWZHFRTAB-UHFFFAOYSA-N,0.02024517,-0.024517190000000001
BUDQDWGNQVEFAC-UHFFFAOYSA-N,0.015270479999999999,-0.029162939999999998
GZPHSAQLYPIAIN-UHFFFAOYSA-N,0.026014249999999999,-0.029096029999999998
IOQPZZOEVPZRBK-UHFFFAOYSA-N,0.0148789,-0.037301630000000002
VFTFKUDGYRBSAL-UHFFFAOYSA-N,0.013372139999999999,-0.03938871
SXVPOSFURRDKBO-UHFFFAOYSA-N,0.016626129999999999,-0.037533520000000001
KWKXNDCHNDYVRT-UHFFFAOYSA-N,0.01177781,-0.031229630000000001
JIKUXBYRTXDNIY-UHFFFAOYSA-N,0.01834848,-0.047482370000000003
JJHHIJFTHRNPIK-UHFFFAOYSA-N,0.038320460000000001,-0.074019719999999997
CTQNGGLPUBDAKN-UHFFFAOYSA-N,0.010445629999999999,-0.01998229
STABAPSYCQFWOK-UHFFFAOYSA-N,0.031281370000000003,-0.041089720000000003
LFSAPCRASZRSKS-LURJTMIESA-N,0.01776664,-0.039067999999999999
LZDKZFUFMNSQCJ-UHFFFAOYSA-N,0.0075607570000000004,-0.030929450000000001
JBYHSSAVUBIJMK-UHFFFAOYSA-N,0.01285234,-0.032357839999999999
VKYKSIONXSXAKP-UHFFFAOYSA-N,0.01573983,-0.035864460000000001
GCUVJAHASMTIRG-UHFFFAOYSA-N,0.01656461,-0.043988909999999999
PJYTYJGMJDIKEJ-UHFFFAOYSA-N,0.016180509999999999,-0.036309019999999997
PCNDJXKNXGMECE-UHFFFAOYSA-N,0.01629686,-0.029680709999999999
KLSLBUSXWBJMEC-UHFFFAOYSA-N,0.033566970000000002,-0.02640764
KPLPKFHCOXVGLK-UHFFFAOYSA-N,0.033390179999999998,-0.045892969999999998
OYRRZWATULMEPF-UHFFFAOYSA-N,0.030555430000000001,-0.037885780000000001
JWVCLYRUEFBMGU-UHFFFAOYSA-N,0.02575208,-0.03510605
QSILYWCNPOLKPN-UHFFFAOYSA-N,0.03335101,-0.035536680000000001
WDFQBORIUYODSI-UHFFFAOYSA-N,0.026781360000000001,-0.035198279999999998
CODXZFSZJFCVBE-UHFFFAOYSA-N,0.025426850000000001,-0.027237859999999999
BZLVMXJERCGZMT-UHFFFAOYSA-N,0.0087560380000000007,-0.036692179999999998
CYSGHNMQYZDMIA-UHFFFAOYSA-N,0.021087519999999998,-0.049505939999999998
PAYRUJLWNCNPSJ-UHFFFAOYSA-N,0.02106247,-0.039189059999999998
SLYRGJDSFOCAAI-UHFFFAOYSA-N,0.02553008,-0.043604560000000001
ZSSWXNPRLJLCDU-UHFFFAOYSA-N,0.027096249999999999,-0.073830729999999997
UCCTWLQOBSQILV-UHFFFAOYSA-N,0.01753335,-0.056367849999999997
FORKADXOPFAOHL-UHFFFAOYSA-N,0.030895829999999999,-0.02507701
UOCLXMDMGBRAIB-UHFFFAOYSA-N,0.016205319999999999,-0.026523270000000002
CLWIJUQLAFJNOF-UHFFFAOYSA-N,0.01558937,-0.044280489999999999
HORNXRXVQWOLPJ-UHFFFAOYSA-N,0.037432310000000003,-0.021815609999999999
JLNGEXDJAQASHD-UHFFFAOYSA-N,0.01626857,-0.050915340000000003
ADSOSINJPNKUJK-UHFFFAOYSA-N,0.015714519999999999,-0.040426150000000001
VHBFFQKBGNRLFZ-UHFFFAOYSA-N,0.018328819999999999,-0.04447562
HATLLUIOEIXWGD-UHFFFAOYSA-N,0.030228709999999999,-0.044790709999999997
JLGPMOJYECOCEP-UHFFFAOYSA-N,0.035787859999999998,-0.05284353
IRNRNPNZAKHEAW-UHFFFAOYSA-N,0.022153320000000001,-0.023166559999999999
VZXXYILNWWRSGE-OCAPTIKFSA-N,0.013619239999999999,-0.03702366
NCCHARWOCKOHIH-UHFFFAOYSA-N,0.02435679,-0.050335009999999999
PHWISQNXPLXQRU-UHFFFAOYSA-N,0.023965589999999998,-0.034288680000000002
YLQBMQCUIZJEEH-UHFFFAOYSA-N,0.01991033,-0.029729729999999999
AUQDITHEDVOTCU-UHFFFAOYSA-N,0.024013670000000001,-0.029753209999999999
FUZZWVXGSFPDMH-UHFFFAOYSA-N,0.0250709,-0.04328282
TXFPEBPIARQUIG-UHFFFAOYSA-N,0.038188310000000003,-0.040636499999999999
LBKPGNUOUPTQKA-UHFFFAOYSA-N,0.026082149999999998,-0.054827349999999997
UQXAGNCUOPPUJH-UHFFFAOYSA-N,0.042134360000000003,-0.047310369999999997
NSWLMOHUXYULKL-UHFFFAOYSA-N,0.02149848,-0.040296279999999997
AVQQQNCBBIEMEU-UHFFFAOYSA-N,0.01174176,-0.046636520000000001
LORVDQSPQDOFQN-UHFFFAOYSA-N,0.032745040000000003,-0.026043119999999999
XRYKNXGXIFPTKH-UHFFFAOYSA-N,0.0056998149999999996,-0.019544800000000001
RDOWQLZANAYVLL-UHFFFAOYSA-N,0.021906700000000001,-0.036641670000000001
RDOXTESZEPMUJZ-UHFFFAOYSA-N,0.01592116,-0.028456909999999998
BAVYZALUXZFZLV-UHFFFAOYSA-N,0.0159556,-0.038609230000000001
PIOZWDBMINZWGJ-UHFFFAOYSA-N,0.021850060000000001,-9.9853620000000003
RTZKZFJDLAIYFH-UHFFFAOYSA-N,0.0066517449999999997,-0.034167759999999998
SMBILOIZRKUZPE-UHFFFAOYSA-N,0.015813750000000001,-0.058903799999999999
URAYPUMNDPQOKB-UHFFFAOYSA-N,0.020712060000000001,-0.040919570000000002
WZJYKHNJTSNBHV-UHFFFAOYSA-N,0.018794680000000001,-0.030101309999999999
NUKYPUAOHBNCPY-UHFFFAOYSA-N,0.02750795,-0.040423609999999999
LTLVZQZDXQWLHU-UHFFFAOYSA-N,0.030137520000000001,-0.025498880000000002
JXTHNDFMNIQAHM-UHFFFAOYSA-N,0.033500540000000002,-0.031895670000000001
IIRFCWANHMSDCG-UHFFFAOYSA-N,0.0175698,-0.038985560000000002
VCYZVXRKYPKDQB-UHFFFAOYSA-N,0.025065569999999999,-0.036930409999999997
BULLHNJGPPOUOX-UHFFFAOYSA-N,0.0295535,-0.03284977
LBKDGROORAKTLC-UHFFFAOYSA-N,0.020291199999999999,-0.019449259999999999
SYMPSOJKDIMXKZ-UHFFFAOYSA-N,0.01597956,-0.056831369999999999
OCGWWLDZAFOHGD-UHFFFAOYSA-N,0.045165400000000001,-0.031674830000000001
KBEBGUQPQBELIU-CMDGGOBGSA-N,0.01444582,-0.044295220000000003
LOCWBQIWHWIRGN-UHFFFAOYSA-N,0.045932929999999997,-0.059449380000000003
FJBFPHVGVWTDIP-UHFFFAOYSA-N,0.014616489999999999,-0.010264509999999999
ISPYQTSUDJAMAB-UHFFFAOYSA-N,0.022365989999999999,-0.022784209999999999
HUTDHWXNOSDRBN-UHFFFAOYSA-N,0.01479896,-0.04124133
IKHGUXGNUITLKF-UHFFFAOYSA-N,0.0243448,-0.037770100000000001
LBUJPTNKIBCYBY-UHFFFAOYSA-N,0.02037185,-0.038324249999999997
WFCLYEAZTHWNEH-UHFFFAOYSA-N,0.029044319999999998,-0.027192899999999999
XQABVLBGNWBWIV-UHFFFAOYSA-N,0.02015316,-0.040130109999999997
FDDDTDSPQXLQFY-UHFFFAOYSA-N,0.025282039999999999,-0.033942760000000002
MARUHZGHZWCEQU-UHFFFAOYSA-N,0.046903599999999997,-0.033715630000000003
XFHVEEHRWSWVGA-UHFFFAOYSA-N,0.038900860000000002,-0.049803260000000002
XZZNDPSIHUTMOC-UHFFFAOYSA-N,0.01806551,-0.059803019999999998
GOBGVVAHHOUMDK-UHFFFAOYSA-N,0.01503669,-0.036103749999999997
SKBBQSLSGRSQAJ-UHFFFAOYSA-N,0.02402988,-0.03525085
MNOILHPDHOHILI-UHFFFAOYSA-N,0.01211364,-0.028442519999999999
MSXIOWULDXZJLX-UHFFFAOYSA-N,0.01747228,-0.041657699999999999
DHIVLKMGKIZOHF-UHFFFAOYSA-N,0.01640517,-0.034915790000000002
ZOUYLAPTOZAWHX-UHFFFAOYSA-N,0.04554569,-0.041994869999999997
GYHSJCJMDZRRJG-UHFFFAOYSA-N,0.028231240000000001,-0.061943079999999998
HTIRHQRTDBPHNZ-UHFFFAOYSA-N,0.0049509940000000002,-0.018398890000000001
UPOSSYJVWXLPTA-UHFFFAOYSA-N,0.018236229999999999,-0.038197759999999997
KAESVJOAVNADME-UHFFFAOYSA-N,0.034070719999999999,-0.045509050000000002
XDOKVFJJVSLHDJ-UHFFFAOYSA-N,0.022411980000000001,-0.059915000000000003
CELKOWQJPVJKIL-UHFFFAOYSA-N,0.022244960000000001,-0.031714659999999999
UEALYGMEMQDEMQ-UHFFFAOYSA-N,0.018022050000000001,-0.033713779999999999
XTAZYLNFDRKIHJ-UHFFFAOYSA-N,0.009308396,-8.5992639999999998
FVLAYJRLBLHIPV-UHFFFAOYSA-N,0.032373480000000003,-0.035030150000000003
XLSZMDLNRCVEIJ-UHFFFAOYSA-N,0.040488259999999998,-0.046995679999999998
AATNZNJRDOVKDD-UHFFFAOYSA-N,0.023797189999999999,-0.065882670000000004
ZMEVDFFLOPFGCR-UHFFFAOYSA-N,0.031529759999999997,-0.042406100000000002
LIWAQLJGPBVORC-UHFFFAOYSA-N,0.01456819,-0.037168920000000001
WNXJIVFYUVYPPR-UHFFFAOYSA-N,0.020310809999999999,-0.03272104
ZWEHNKRNPOVVGH-UHFFFAOYSA-N,0.01938923,-0.039322650000000001
RWRDLPDLKQPQOW-UHFFFAOYSA-N,0.01421585,-0.040822289999999997
IGTWYMQBGKAFCF-VOTSOKGWSA-N,0.033523730000000002,-0.068674869999999999
NUMQCACRALPSHD-UHFFFAOYSA-N,0.0077480539999999999,-0.035482769999999997
YUKQRDCYNOVPGJ-UHFFFAOYSA-N,0.032154820000000001,-0.026104450000000001
HNJBEVLQSNELDL-UHFFFAOYSA-N,0.021566269999999998,-0.048015710000000003
ZUTYZAFDFLLILI-QMMMGPOBSA-N,0.034114150000000003,-0.027673880000000001
UMPRJGKLMUDRHL-UHFFFAOYSA-N,0.02149647,-0.040862580000000003
UMFJAHHVKNCGLG-UHFFFAOYSA-N,0.01918895,-0.035703770000000003
UUIMDJFBHNDZOW-UHFFFAOYSA-N,0.016327910000000001,-0.038435039999999997
MNOJRWOWILAHAV-UHFFFAOYSA-N,0.035896789999999998,-0.026995439999999999
FVSKHRXBFJPNKK-UHFFFAOYSA-N,0.02039908,-0.028688089999999999
LOWMYOWHQMKBTM-UHFFFAOYSA-N,0.02980609,-0.072994089999999998
CSTJIJYJEWKYGH-UHFFFAOYSA-N,0.02000149,-0.033188660000000002
GUVUOGQBMYCBQP-UHFFFAOYSA-N,0.017768430000000002,-0.050613669999999999
DULCUDSUACXJJC-UHFFFAOYSA-N,0.01514354,-0.04438508
DPJCXCZTLWNFOH-UHFFFAOYSA-N,0.03699761,-0.055618170000000001
OLBCVFGFOZPWHH-UHFFFAOYSA-N,0.025883639999999999,-0.035261180000000003
WYURNTSHIVDZCO-UHFFFAOYSA-N,0.0093007690000000004,-0.039478439999999997
UAOMVDZJSHZZME-UHFFFAOYSA-N,0.01349387,-0.038415150000000002
NVJUHMXYKCUMQA-UHFFFAOYSA-N,0.0065719489999999997,-0.035515039999999998
DCNUQRBLZWSGAV-UHFFFAOYSA-N,0.01956925,-0.055619679999999998
DIBFBUQGVMZWTM-UHFFFAOYSA-N,0.066488790000000006,-0.03243302
