YQUQWHNMBPIWGK-UHFFFAOYSA-N,0.03856118,-0.049934810000000003
UAOMVDZJSHZZME-UHFFFAOYSA-N,0.017209990000000001,-0.054364250000000003
KVNRLNFWIYMESJ-UHFFFAOYSA-N,0.027291659999999999,-0.037807380000000002
DKNWSYNQZKUICI-CHIWXEEVSA-N,0.016185419999999999,-0.054947799999999998
UMPRJGKLMUDRHL-UHFFFAOYSA-N,0.025451370000000001,-0.039622440000000002
IMFACGCPASFAPR-UHFFFAOYSA-N,0.0127644,-0.05774029
USIUVYZYUHIAEV-UHFFFAOYSA-N,0.021543329999999999,-0.053414200000000002
JLNGEXDJAQASHD-UHFFFAOYSA-N,0.025930870000000002,-0.072568060000000004
SKBBQSLSGRSQAJ-UHFFFAOYSA-N,0.035797299999999997,-0.037122210000000003
GUVUOGQBMYCBQP-UHFFFAOYSA-N,0.025257189999999999,-0.064551940000000002
PAPBSGBWRJIAAV-UHFFFAOYSA-N,0.031090699999999999,-0.068815790000000002
LQNUZADURLCDLV-UHFFFAOYSA-N,0.034983819999999999,-0.064958109999999999
BIPUHAHGLJKIPK-UHFFFAOYSA-N,0.028355189999999999,-0.045161880000000001
GPHQHTOMRSGBNZ-UHFFFAOYSA-N,0.032449079999999998,-0.030542380000000001
HONIICLYMWZJFZ-UHFFFAOYSA-N,0.015715360000000001,-0.055558280000000002
IMNIMPAHZVJRPE-UHFFFAOYSA-N,0.01291992,-0.052124980000000001
XFRSYDKTYAUVAW-UHFFFAOYSA-N,0.024553680000000001,-0.062709929999999997
MSPDNPMYZVJMAM-OVMOHIIOSA-N,0.028428510000000001,-0.048405829999999997
JACMPVXHEARCBO-UHFFFAOYSA-N,0.014180689999999999,-0.057495339999999999
HXDOZKJGKXYMEW-UHFFFAOYSA-N,0.036319919999999999,-0.039769690000000003
YFKBXYGUSOXJGS-UHFFFAOYSA-N,0.035642859999999998,-0.063862450000000001
RYMBAPVTUHZCNF-UHFFFAOYSA-N,0.028289180000000001,-0.047313010000000003
VVJKKWFAADXIJK-UHFFFAOYSA-N,0.020658760000000002,-0.04761547
JLSSWDFCYXSLQX-UHFFFAOYSA-N,0.0300039,-0.033744349999999999
SIKJAQJRHWYJAI-UHFFFAOYSA-N,0.043549400000000002,-0.055948669999999999
SJNALLRHIVGIBI-UHFFFAOYSA-N,0.032859590000000001,-0.035550619999999998
HDJGQEDLEYXGCN-UHFFFAOYSA-N,0.037296889999999999,-0.055571429999999998
HPXRVTGHNJAIIH-UHFFFAOYSA-N,0.02344852,-0.043203459999999999
YKUCHDXIBAQWSF-UHFFFAOYSA-N,0.044567259999999997,-0.039518299999999999
WRMNZCZEMHIOCP-UHFFFAOYSA-N,0.02621946,-0.053571540000000001
BWZVCCNYKMEVEX-UHFFFAOYSA-N,0.01834392,-0.051794069999999998
HUTDHWXNOSDRBN-UHFFFAOYSA-N,0.022230529999999998,-0.058661119999999997
BDERNNFJNOPAEC-UHFFFAOYSA-N,0.025050840000000001,-0.040720899999999997
DKPFZGUDAPQIHT-UHFFFAOYSA-N,0.022909039999999999,-0.04640826
IOQPZZOEVPZRBK-UHFFFAOYSA-N,0.01758448,-0.054089289999999998
VEZXCJBBBCKRPI-UHFFFAOYSA-N,0.031310119999999997,-0.048343499999999998
BAYUSCHCCGXLAY-UHFFFAOYSA-N,0.036049699999999997,-0.042287310000000002
PSXLJUKMMIHADB-UHFFFAOYSA-N,0.049485969999999997,-0.044732000000000001
YRKCREAYFQTBPV-UHFFFAOYSA-N,0.026872630000000002,-0.037662729999999998
HPNMFZURTQLUMO-UHFFFAOYSA-N,0.012869739999999999,-0.058392140000000002
DWPLEOPKBWNPQV-UHFFFAOYSA-N,0.035633270000000002,-0.045421030000000001
UBUCNCOMADRQHX-UHFFFAOYSA-N,0.023912949999999999,-0.058318429999999997
BAYGVMXZJBFEMB-UHFFFAOYSA-N,0.052558899999999999,-0.034748040000000001
SYBYTAAJFKOIEJ-UHFFFAOYSA-N,0.02535956,-0.047074779999999997
GOBGVVAHHOUMDK-UHFFFAOYSA-N,0.01247448,-0.03015574
HCEKGPAHZCYRBZ-UHFFFAOYSA-N,0.031421320000000003,-0.038315160000000001
AVQQQNCBBIEMEU-UHFFFAOYSA-N,0.02185339,-0.054553079999999997
MCTWTZJPVLRJOU-UHFFFAOYSA-N,0.036035020000000001,-0.055209109999999999
NTIZESTWPVYFNL-UHFFFAOYSA-N,0.02752019,-0.04800716
IQZZFVDIZRWADY-UHFFFAOYSA-N,0.032611660000000001,-0.048192720000000001
DURPTKYDGMDSBL-UHFFFAOYSA-N,0.0097156740000000005,-0.047892299999999999
IEJIGPNLZYLLBP-UHFFFAOYSA-N,0.025004249999999999,-0.041014370000000001
YZERDTREOUSUHF-UHFFFAOYSA-N,0.035921729999999999,-0.030829100000000002
RTJGTTXUCVCPIQ-UHFFFAOYSA-N,0.053994170000000001,-0.07192722
HTJDQJBWANPRPF-UHFFFAOYSA-N,0.01887117,-0.050662640000000002
HXQHRUJXQJEGER-UHFFFAOYSA-N,0.032873970000000002,-0.047376750000000002
ODFFPRGJZRXNHZ-UHFFFAOYSA-N,0.048856089999999998,-0.04979973
AEKVBBNGWBBYLL-UHFFFAOYSA-N,0.02974131,-0.030024950000000002
AFBPFSWMIHJQDM-UHFFFAOYSA-N,0.030106529999999999,-0.0528963
JMVIVASFFKKFQK-UHFFFAOYSA-N,0.032496860000000002,-0.05431714
SGHBRHKBCLLVCI-UHFFFAOYSA-N,0.049012470000000002,-0.030252640000000001
WFJSIIHYYLHRHB-UHFFFAOYSA-N,0.024901380000000001,-0.045044170000000001
GGDYAKVUZMZKRV-UHFFFAOYSA-N,0.030678480000000001,-0.031348639999999997
LKKHEZBRRGJBGH-UHFFFAOYSA-N,0.043659410000000003,-0.041998830000000001
XDJAAZYHCCRJOK-UHFFFAOYSA-N,0.035238230000000002,-0.03717633
DVVGIUUJYPYENY-UHFFFAOYSA-N,0.043417499999999998,-0.051178729999999999
QANVSPFERJBPTO-UHFFFAOYSA-N,0.025336500000000001,-0.057149369999999998
DKGAVHZHDRPRBM-UHFFFAOYSA-N,0.022965119999999999,-0.044993470000000001
RFVHVYKVRGKLNK-UHFFFAOYSA-N,0.028555980000000002,-0.058860120000000002
RWEQEWKAJFTONV-UHFFFAOYSA-N,0.047009410000000001,-0.019270909999999999
NBUKAOOFKZFCGD-UHFFFAOYSA-N,0.036483700000000001,-0.034147289999999997
IWDCLRJOBJJRNH-UHFFFAOYSA-N,0.037199120000000002,-0.039321920000000003
HVCFCNAITDHQFX-UHFFFAOYSA-N,0.023441420000000001,-0.045295630000000003
RLSSMJSEOOYNOY-UHFFFAOYSA-N,0.037610650000000002,-0.040571429999999999
PZPYIRQFCOFLGJ-UHFFFAOYSA-N,0.019606729999999999,-0.044296330000000002
FJLUATLTXUNBOT-UHFFFAOYSA-N,0.012424559999999999,-0.028884549999999998
DTQVDTLACAAQTR-UHFFFAOYSA-N,0.045330969999999998,-0.026948949999999999
PTTPXKJBFFKCEK-UHFFFAOYSA-N,0.02163346,-0.045809320000000001
ABXGMGUHGLQMAW-UHFFFAOYSA-N,0.03708082,-0.035020509999999998
MFEIKQPHQINPRI-UHFFFAOYSA-N,0.023479630000000001,-0.045600660000000001
ZOMKCDYJHAQMCU-UHFFFAOYSA-N,0.03749947,-0.060209680000000002
MBLHLTGHXCTWAO-UHFFFAOYSA-N,0.046557840000000003,-0.059366849999999999
NODGRWCMFMEGJH-UHFFFAOYSA-N,0.029314110000000001,-0.055441299999999999
GEOWCLRLLWTHDN-UHFFFAOYSA-N,0.041119139999999998,-0.038141300000000003
HSQXKKSEAOWACG-GEHXZAHHSA-N,0.02711293,-0.052857969999999997
PGJYYCIOYBZTPU-UHFFFAOYSA-N,0.036863760000000002,-0.045958789999999999
PJGSXYOJTGTZAV-UHFFFAOYSA-N,0.027609450000000001,-0.048425879999999998
DIBFBUQGVMZWTM-UHFFFAOYSA-N,0.065334980000000001,-0.037588879999999998
HUMNYLRZRPPJDN-UHFFFAOYSA-N,0.033186430000000003,-0.040267280000000003
CHZCERSEMVWNHL-UHFFFAOYSA-N,0.053564439999999998,-0.037527810000000002
LIWAQLJGPBVORC-UHFFFAOYSA-N,0.01409646,-0.056825390000000003
XEKOWRVHYACXOJ-UHFFFAOYSA-N,0.023722989999999999,-0.045025849999999999
BUDQDWGNQVEFAC-UHFFFAOYSA-N,0.01741844,-0.0486066
CWHFDTWZHFRTAB-UHFFFAOYSA-N,0.03108648,-0.02978627
HWWYDZCSSYKIAD-UHFFFAOYSA-N,0.023090039999999999,-0.047275739999999997
XSJJNRDFIMCZRS-UHFFFAOYSA-N,0.02392182,-0.060420439999999999
QTBSBXVTEAMEQO-UHFFFAOYSA-N,0.028289829999999998,-0.040807290000000003
CSCPPACGZOOCGX-UHFFFAOYSA-N,0.026361860000000001,-0.045224220000000002
YFTHZRPMJXBUME-UHFFFAOYSA-N,0.012251440000000001,-0.056253900000000003
LDDOSDVZPSGLFZ-UHFFFAOYSA-N,0.020550550000000001,-0.043544050000000001
NOFXHGGTQGRTTJ-UHFFFAOYSA-N,0.02853253,-0.058343220000000001
NUKYPUAOHBNCPY-UHFFFAOYSA-N,0.04041662,-0.050247149999999997
SUSQOBVLVYHIEX-UHFFFAOYSA-N,0.036319509999999999,-0.04561863
FUZZWVXGSFPDMH-UHFFFAOYSA-N,0.026332109999999999,-0.042849739999999997
FFNVQNRYTPFDDP-UHFFFAOYSA-N,0.035290500000000002,-0.040529820000000001
FVSKHRXBFJPNKK-UHFFFAOYSA-N,0.027740029999999999,-0.03732883
YSJKYAHYBFJVKV-UHFFFAOYSA-N,0.034041019999999998,-0.03423408
LHNPDXSWOZFOAO-UHFFFAOYSA-N,0.042176070000000003,-0.020660620000000001
NQRYJNQNLNOLGT-UHFFFAOYSA-N,0.01451525,-0.059143460000000002
ARKIFHPFTHVKDT-UHFFFAOYSA-N,0.037584800000000002,-0.05776974
ZMXDDKWLCZADIW-UHFFFAOYSA-N,0.036125360000000002,-0.053976179999999999
XBNGYFFABRKICK-UHFFFAOYSA-N,0.045295380000000003,-0.019010349999999999
CDQSTBHGKNNPSY-UHFFFAOYSA-N,0.024828389999999999,-0.057115920000000001
IGTWYMQBGKAFCF-VOTSOKGWSA-N,0.040992189999999998,-0.085018070000000001
UGEJOEBBMPOJMT-UHFFFAOYSA-N,0.049337110000000003,-0.03824607
HUVAAOZUPLEYBH-UHFFFAOYSA-N,0.038681649999999998,-0.062701599999999996
MGYMHQJELJYRQS-VHSXEESVSA-N,0.02062597,-0.072138240000000006
JKOVQYWMFZTKMX-ONEGZZNKSA-N,0.049796310000000003,-0.08894676
LCGLNKUTAGEVQW-UHFFFAOYSA-N,0.013399899999999999,-0.042712979999999998
CLWIJUQLAFJNOF-UHFFFAOYSA-N,0.032334880000000003,-0.062133750000000001
ROFVEXUMMXZLPA-UHFFFAOYSA-N,0.02323944,-0.042749379999999997
HCFAJYNVAYBARA-UHFFFAOYSA-N,0.023988450000000001,-0.046574530000000003
BOHCMQZJWOGWTA-UHFFFAOYSA-N,0.0330453,-0.034269550000000003
TYMLOMAKGOJONV-UHFFFAOYSA-N,0.053683519999999998,-0.074490180000000003
YKOQQFDCCBKROY-UHFFFAOYSA-N,0.031866279999999997,-0.057099820000000003
NVJUHMXYKCUMQA-UHFFFAOYSA-N,0.01255907,-0.04717503
UYFJYGWNYQCHOB-UHFFFAOYSA-N,0.03124735,-0.049294280000000003
PRDFNJUWGIQQBW-UHFFFAOYSA-N,0.049153959999999997,-0.021745270000000001
YLQBMQCUIZJEEH-UHFFFAOYSA-N,0.025514729999999999,-0.053360480000000002
OUMGIYIBWRLOAF-UHFFFAOYSA-N,0.022089029999999999,-0.049240880000000001
YUWFEBAXEOLKSG-UHFFFAOYSA-N,0.011899949999999999,-0.049651420000000002
YLQWCDOCJODRMT-UHFFFAOYSA-N,0.037004299999999997,-0.043049070000000002
NCCHARWOCKOHIH-UHFFFAOYSA-N,0.033325510000000003,-0.063843780000000003
VCHOFVSNWYPAEF-UHFFFAOYSA-N,0.044908150000000001,-0.037623030000000002
YSHMQTRICHYLGF-UHFFFAOYSA-N,0.027502950000000002,-0.04859728
XRGPFNGLRSIPSA-UHFFFAOYSA-N,0.039489200000000002,-0.050743280000000002
XTHFKEDIFFGKHM-UHFFFAOYSA-N,0.0148881,-0.041279099999999999
AHHWIHXENZJRFG-UHFFFAOYSA-N,0.01769621,-0.041992750000000002
HJOVHMDZYOCNQW-UHFFFAOYSA-N,0.026954869999999999,-0.054695859999999999
JMMWKPVZQRWMSS-UHFFFAOYSA-N,0.0223532,-0.047461669999999997
YNAVUWVOSKDBBP-UHFFFAOYSA-N,0.01924302,-0.051797120000000002
XXBDWLFCJWSEKW-UHFFFAOYSA-N,0.018256830000000002,-0.049741609999999999
LCZUOKDVTBMCMX-UHFFFAOYSA-N,0.028195919999999999,-0.041268350000000002
GNKZMNRKLCTJAY-UHFFFAOYSA-N,0.028557289999999999,-0.045933290000000002
URAYPUMNDPQOKB-UHFFFAOYSA-N,0.03604504,-0.056935159999999999
QKZRSIWEFMDUIL-UHFFFAOYSA-N,0.026131620000000001,-0.072161359999999994
FKNQCJSGGFJEIZ-UHFFFAOYSA-N,0.024000190000000001,-0.046697900000000001
NUJGJRNETVAIRJ-UHFFFAOYSA-N,0.028439160000000002,-0.043881829999999997
QSACPWSIIRFHHR-UHFFFAOYSA-N,0.028989890000000001,-0.037075469999999999
LVQDLURAEDSMES-UHFFFAOYSA-N,0.031732740000000002,-0.058344960000000001
ODHXBMXNKOYIBV-UHFFFAOYSA-N,0.01837132,-0.046547650000000003
OIFBSDVPJOWBCH-UHFFFAOYSA-N,0.020335019999999999,-0.045100580000000001
CVNOWLNNPYYEOH-UHFFFAOYSA-N,0.050843859999999998,-0.034408220000000003
YVXHZKKCZYLQOP-UHFFFAOYSA-N,0.021765799999999998,-0.038897189999999998
KZNICNPSHKQLFF-UHFFFAOYSA-N,0.033366460000000001,-0.03306402
DGVORXWMCNREFA-UHFFFAOYSA-N,0.026051540000000002,-0.051478879999999998
FZUGPQWGEGAKET-UHFFFAOYSA-N,0.032096180000000002,-0.050728849999999999
FSPSELPMWGWDRY-UHFFFAOYSA-N,0.03103765,-0.044253590000000002
PKAHQJNJPDVTDP-UHFFFAOYSA-N,0.021557980000000001,-0.042018449999999999
RTZKZFJDLAIYFH-UHFFFAOYSA-N,0.012614159999999999,-0.046646279999999998
ARCZSDSOONGBRX-UHFFFAOYSA-N,0.04369427,-0.055939320000000001
PPXUHEORWJQRHJ-UHFFFAOYSA-N,0.019575289999999999,-0.04636067
KBPLFHHGFOOTCA-UHFFFAOYSA-N,0.023357019999999999,-0.041296220000000002
RAXXELZNTBOGNW-UHFFFAOYSA-N,0.048917549999999997,-0.051261910000000001
VLFTYFLZHORIBC-UHFFFAOYSA-N,0.056171480000000003,-0.036970200000000002
LYDRKKWPKKEMNZ-UHFFFAOYSA-N,0.023536689999999999,-0.045309139999999998
GGSUCNLOZRCGPQ-UHFFFAOYSA-N,0.025804130000000002,-0.063119869999999995
KGIGUEBEKRSTEW-UHFFFAOYSA-N,0.027790349999999998,-0.038799939999999998
ZZTSQZQUWBFTAT-UHFFFAOYSA-N,0.03079993,-0.042441119999999999
BNWQEHYYXTVKOF-UHFFFAOYSA-N,0.045401480000000001,-0.050706729999999998
MTZQAGJQAFMTAQ-UHFFFAOYSA-N,0.02471427,-0.043246340000000001
IDJCCRRYIMWLSQ-UHFFFAOYSA-N,0.0332603,-0.06284257
RIFKADJTWUGDOV-UHFFFAOYSA-N,0.027081109999999999,-0.046596270000000002
SMNMEJQTBGWHLI-UHFFFAOYSA-N,0.02690159,-0.050465980000000001
RTZZCYNQPHTPPL-UHFFFAOYSA-N,0.052000020000000001,-0.062236510000000002
ULKWBVNMJZUEBD-UHFFFAOYSA-N,0.02468275,-0.072187559999999998
WFDIJRYMOXRFFG-UHFFFAOYSA-N,0.028984989999999999,-0.04981766
GSCLMSFRWBPUSK-VKHMYHEASA-N,0.029175619999999999,-0.053999440000000003
RYHBNJHYFVUHQT-UHFFFAOYSA-N,0.017518740000000001,-0.039908689999999997
ROSDSFDQCJNGOL-UHFFFAOYSA-N,0.014484199999999999,-0.055648209999999997
KDISMIMTGUMORD-UHFFFAOYSA-N,0.026148890000000001,-0.054920940000000001
ISWSIDIOOBJBQZ-UHFFFAOYSA-N,0.039611140000000003,-0.036689760000000002
BHAAPTBBJKJZER-UHFFFAOYSA-N,0.029361189999999999,-0.053936820000000003
NVPICXQHSYQKGM-UHFFFAOYSA-N,0.022092190000000001,-0.04235075
SVEUVITYHIHZQE-UHFFFAOYSA-N,0.033960230000000001,-0.05209271
YXTROGRGRSPWKL-UHFFFAOYSA-N,0.02278059,-0.065810820000000006
HNJBEVLQSNELDL-UHFFFAOYSA-N,0.02683522,-0.052824690000000001
OOLOYCGJRJFTPM-UHFFFAOYSA-N,0.02157512,-0.021932779999999999
RZXMPPFPUUCRFN-UHFFFAOYSA-N,0.029441729999999999,-0.051574689999999999
AUHZEENZYGFFBQ-UHFFFAOYSA-N,0.014429890000000001,-0.045426689999999999
PSHKMPUSSFXUIA-UHFFFAOYSA-N,0.027535420000000001,-0.051809189999999998
UEXCJVNBTNXOEH-UHFFFAOYSA-N,0.0282501,-0.03240146
BGNGWHSBYQYVRX-UHFFFAOYSA-N,0.035297729999999999,-0.049686630000000002
UMFJAHHVKNCGLG-UHFFFAOYSA-N,0.029632149999999999,-0.049943420000000002
PMDCZENCAXMSOU-UHFFFAOYSA-N,0.039947919999999998,-0.054105340000000002
KZXAMWRVRHIWBN-UHFFFAOYSA-N,0.0279159,-0.058836180000000002
OLJVAWRLTPGYQL-DTJXOCLSSA-N,0.034676859999999997,-0.035057489999999997
OISVCGZHLKNMSJ-UHFFFAOYSA-N,0.019763820000000001,-0.0492591
DPBLXKKOBLCELK-UHFFFAOYSA-N,0.01745172,-0.05485168
BHTSNYQWLQLLOD-WUQLGEGHSA-N,0.019880809999999999,-0.046881800000000001
XLSZMDLNRCVEIJ-UHFFFAOYSA-N,0.045874980000000003,-0.054343009999999997
BTANRVKWQNVYAZ-SCSAIBSYSA-N,0.02409764,-0.045712860000000001
XFHVEEHRWSWVGA-UHFFFAOYSA-N,0.040299799999999997,-0.053471440000000002
SJTBRFHBXDZMPS-UHFFFAOYSA-N,0.043830250000000001,-0.034332260000000003
KUFFULVDNCHOFZ-UHFFFAOYSA-N,0.035437749999999997,-0.043060099999999997
YXFVVABEGXRONW-UHFFFAOYSA-N,0.017919580000000001,-0.038345249999999997
PYEHNKXDXBNHQQ-UHFFFAOYSA-N,0.036989399999999999,-0.046357759999999998
SDXAWLJRERMRKF-UHFFFAOYSA-N,0.041814990000000003,-0.059777879999999999
DHIVLKMGKIZOHF-UHFFFAOYSA-N,0.01848118,-0.02729693
VLLNJDMHDJRNFK-CHIWXEEVSA-N,0.02311527,-0.04537542
CSDUKRUFTFEFBO-PGNZUDIJSA-N,0.026552550000000001,-0.028172119999999998
JEDHEXUPBRMUMB-UHFFFAOYSA-N,0.033688040000000002,-0.05639098
SMBILOIZRKUZPE-UHFFFAOYSA-N,0.029724730000000001,-0.065619759999999999
WTKZEGDFNFYCGP-UHFFFAOYSA-N,0.047084210000000001,-0.051564550000000001
UIHCLUNTQKBZGK-YFKPBYRVSA-N,0.026043940000000002,-0.046214180000000001
VLJSLTNSFSOYQR-UHFFFAOYSA-N,0.039885280000000002,-0.058913470000000003
OBNCKNCVKJNDBV-UHFFFAOYSA-N,0.018680579999999999,-0.046176469999999997
ZWEHNKRNPOVVGH-UHFFFAOYSA-N,0.02546095,-0.046709639999999997
CRBJBYGJVIBWIY-UHFFFAOYSA-N,0.031411689999999999,-0.061245559999999998
HXVNBWAKAOHACI-UHFFFAOYSA-N,0.023759990000000002,-0.045157500000000003
DQYDFMBXYUTXOK-UHFFFAOYSA-N,0.024469560000000001,-0.076843919999999996
RWCCWEUUXYIKHB-UHFFFAOYSA-N,0.023981229999999999,-0.052286300000000001
RJGDLRCDCYRQOQ-UHFFFAOYSA-N,0.030827400000000001,-0.04187739
DQWXPGSGBJVHPN-UHFFFAOYSA-N,0.025007890000000001,-0.043668690000000003
FVLAYJRLBLHIPV-UHFFFAOYSA-N,0.04607431,-0.040593299999999999
AOPDRZXCEAKHHW-UHFFFAOYSA-N,0.0098291920000000005,-0.048452429999999998
JQVDAXLFBXTEQA-UHFFFAOYSA-N,0.014109989999999999,-0.057776590000000003
XHNTVKASLQLNFM-UHFFFAOYSA-N,0.034977599999999998,-0.064078990000000002
BPRYUXCVCCNUFE-UHFFFAOYSA-N,0.033066579999999998,-0.043866719999999998
XJCVRTZCHMZPBD-UHFFFAOYSA-N,0.04870816,-0.06170316
SXVPOSFURRDKBO-UHFFFAOYSA-N,0.0247811,-0.045218609999999999
KJCVRFUGPWSIIH-UHFFFAOYSA-N,0.039414020000000001,-0.04246055
LRDFRRGEGBBSRN-UHFFFAOYSA-N,0.025513810000000001,-0.037887589999999999
SQNZJJAZBFDUTD-UHFFFAOYSA-N,0.014204710000000001,-0.045479220000000001
UWHSPZZUAYSGTB-UHFFFAOYSA-N,0.028863050000000001,-0.056269640000000003
HUDYANRNMZDQGA-UHFFFAOYSA-N,0.039920020000000001,-0.055487149999999999
NRKYWOKHZRQRJR-UHFFFAOYSA-N,0.049189480000000001,-0.039556620000000001
MCROFHCOHPROAE-UHFFFAOYSA-N,0.041321150000000001,-0.06041179
HMIBQFXWSUBFTG-UHFFFAOYSA-N,0.02834445,-0.054851450000000003
WMYNMYVRWWCRPS-UHFFFAOYSA-N,0.024172989999999998,-0.040132010000000003
LYGJENNIWJXYER-UHFFFAOYSA-N,0.03789406,-0.05740576
CYWUZSYXTCCCRG-UHFFFAOYSA-N,0.036224680000000002,-0.053083520000000002
URLKBWYHVLBVBO-UHFFFAOYSA-N,0.015948150000000001,-0.040791019999999997
PAMJENUKCYUKLC-UHFFFAOYSA-N,0.035118990000000003,-0.06880327
NUOGEPIJFRZXIN-UHFFFAOYSA-N,0.02579975,-0.063985529999999999
WEVYAHXRMPXWCK-UHFFFAOYSA-N,0.032414140000000001,-0.036789120000000002
AKQWEDMTPCAESO-UHFFFAOYSA-N,0.037852230000000001,-0.052787979999999998
OZJPLYNZGCXSJM-UHFFFAOYSA-N,0.027021389999999999,-0.064770090000000002
JYYNAJVZFGKDEQ-UHFFFAOYSA-N,0.022395209999999999,-0.049729790000000003
OWIKHYCFFJSOEH-UHFFFAOYSA-N,0.050956920000000003,-0.02591363
JJWLVOIRVHMVIS-UHFFFAOYSA-N,0.016137829999999999,-0.05786591
DHXVGJBLRPWPCS-UHFFFAOYSA-N,0.0141158,-0.04493432
PYLWMHQQBFSUBP-UHFFFAOYSA-N,0.022445530000000002,-0.031187159999999998
JIKUXBYRTXDNIY-UHFFFAOYSA-N,0.03442485,-0.04541307
XNLICIUVMPYHGG-UHFFFAOYSA-N,0.02533558,-0.045032719999999998
JWVNPUBYKCSIKR-UHFFFAOYSA-N,0.036562579999999997,-0.044603909999999997
JTPZTKBRUCILQD-UHFFFAOYSA-N,0.028494450000000001,-0.057115899999999997
MVUMJYQUKKUOHO-AATRIKPKSA-N,0.039206779999999997,-0.059895289999999997
XZMCDFZZKTWFGF-UHFFFAOYSA-N,0.049586570000000003,-0.034046079999999999
KFDVPJUYSDEJTH-UHFFFAOYSA-N,0.03578771,-0.043513589999999998
PZIMIYVOZBTARW-UHFFFAOYSA-N,0.02654724,-0.067157889999999998
WJQOZHYUIDYNHM-UHFFFAOYSA-N,0.037937829999999999,-0.0525184
MESJRHHDBDCQTH-UHFFFAOYSA-N,0.036728469999999999,-0.050690100000000002
BEUGBYXJXMVRFO-UHFFFAOYSA-N,0.03541453,-0.064509960000000005
XOUQAVYLRNOXDO-UHFFFAOYSA-N,0.037390100000000003,-0.055816930000000001
JPMQWSJHCDLANT-UHFFFAOYSA-N,0.0220652,-0.071218110000000001
OQEINIBVOPRVOG-UHFFFAOYSA-N,0.026327509999999998,-0.059038750000000001
YXVFYQXJAXKLAK-UHFFFAOYSA-N,0.041628850000000002,-0.052254990000000001
IIRFCWANHMSDCG-UHFFFAOYSA-N,0.030055579999999998,-0.049695389999999999
MXHTZQSKTCCMFG-UHFFFAOYSA-N,0.021748449999999999,-0.050919399999999997
ZRLDBDZSLLGDOX-UHFFFAOYSA-N,0.025580760000000001,-0.054187779999999998
YNQLUTRBYVCPMQ-UHFFFAOYSA-N,0.016670540000000001,-0.038853609999999997
QWBBPBRQALCEIZ-UHFFFAOYSA-N,0.036223869999999998,-0.042177909999999999
JBIJLHTVPXGSAM-UHFFFAOYSA-N,0.035390720000000001,-0.048696900000000001
ZVWHURINXJWEER-UHFFFAOYSA-N,0.01492568,-0.047791710000000001
ODKLEQPZOCJQMT-UHFFFAOYSA-N,0.027054740000000001,-0.05579187
SAANJXKHPZBABZ-UHFFFAOYSA-N,0.03235822,-0.060736039999999998
ZUOUZKKEUPVFJK-UHFFFAOYSA-N,0.01865458,-0.054117619999999998
HKTSLDUAGCAISP-UHFFFAOYSA-N,0.02384122,-0.060967420000000001
QQZOPKMRPOGIEB-UHFFFAOYSA-N,0.02594337,-0.045295149999999999
CPWSNJSGSXXVLD-CHIWXEEVSA-N,0.012080570000000001,-0.034147530000000002
UWKQJZCTQGMHKD-UHFFFAOYSA-N,0.016837890000000001,-0.057103399999999999
NWPWRAWAUYIELB-UHFFFAOYSA-N,0.026432359999999998,-0.04608744
WMOVHXAZOJBABW-UHFFFAOYSA-N,0.02128155,-0.046845669999999999
WVDDGKGOMKODPV-UHFFFAOYSA-N,0.025175119999999999,-0.036260710000000002
XFNJVJPLKCPIBV-UHFFFAOYSA-N,0.020273159999999998,-0.057063589999999997
JWVCLYRUEFBMGU-UHFFFAOYSA-N,0.037472140000000001,-0.039399869999999997
KPSSIOMAKSHJJG-UHFFFAOYSA-N,0.02352278,-0.037903560000000003
PYOKUURKVVELLB-UHFFFAOYSA-N,0.025696299999999998,-0.042315890000000002
ADSOSINJPNKUJK-UHFFFAOYSA-N,0.020926690000000001,-0.045135229999999998
LYCAIKOWRPUZTN-UHFFFAOYSA-N,0.02944049,-0.03441487
VPYJNCGUESNPMV-UHFFFAOYSA-N,0.023114329999999999,-0.042469670000000001
SHOJXDKTYKFBRD-UHFFFAOYSA-N,0.022404540000000001,-0.052367150000000001
SMWDFEZZVXVKRB-UHFFFAOYSA-N,0.02937559,-0.040549080000000001
MSXVEPNJUHWQHW-UHFFFAOYSA-N,0.02271244,-0.046002599999999998
FKRCODPIKNYEAC-UHFFFAOYSA-N,0.01928645,-0.04556437
AZQWKYJCGOJGHM-UHFFFAOYSA-N,0.026483300000000001,-0.024422940000000001
DCNUQRBLZWSGAV-UHFFFAOYSA-N,0.03238158,-0.056217879999999998
CELKOWQJPVJKIL-UHFFFAOYSA-N,0.028283949999999999,-0.037443990000000003
NLHHRLWOUZZQLW-UHFFFAOYSA-N,0.032335129999999997,-0.033181769999999999
PKZJLOCLABXVMC-UHFFFAOYSA-N,0.033553090000000001,-0.045746160000000001
WXBWKMLIVXELSF-UHFFFAOYSA-N,0.036065670000000001,-0.050758949999999997
LSXWFXONGKSEMY-UHFFFAOYSA-N,0.01304254,-0.07255462
DMBHHRLKUKUOEG-UHFFFAOYSA-N,0.038752670000000003,-0.052171120000000001
RGWHHWWMFUXNAX-ICWSVDNISA-N,0.026206819999999999,-0.033763609999999999
GXELTROTKVKZBQ-UHFFFAOYSA-N,0.025456619999999999,-0.051918150000000003
SYMPSOJKDIMXKZ-UHFFFAOYSA-N,0.0235146,-0.060044279999999998
LJXQPZWIHJMPQQ-UHFFFAOYSA-N,0.039689099999999998,-0.03829689
ASHGTJPOSUFTGB-UHFFFAOYSA-N,0.036662800000000002,-0.044422969999999999
TVDSBUOJIPERQY-UHFFFAOYSA-N,0.030992829999999999,-0.043802599999999997
FEWLNYSYJNLUOO-UHFFFAOYSA-N,0.034077040000000003,-0.052821779999999999
JHIVVAPYMSGYDF-UHFFFAOYSA-N,0.017838070000000001,-0.047632960000000002
FXHOOIRPVKKKFG-UHFFFAOYSA-N,0.031361100000000003,-0.055874649999999998
JKTCBAGSMQIFNL-UHFFFAOYSA-N,0.019841910000000001,-0.047320149999999998
SYEXGNJRYPOUSI-DNSLJTBWSA-N,0.014861869999999999,-0.04835047
AVFZOVWCLRSYKC-UHFFFAOYSA-N,0.010772169999999999,-0.057468739999999997
VSYFZULSKMFUJJ-UHFFFAOYSA-N,0.030107430000000001,-0.05567163
LRHPLDYGYMQRHN-UHFFFAOYSA-N,0.023691190000000001,-0.041978170000000002
YVBMXGVGOLXFFS-UHFFFAOYSA-N,0.034478420000000003,-0.040556099999999998
GZPHSAQLYPIAIN-UHFFFAOYSA-N,0.034320129999999997,-0.03034769
WYACBZDAHNBPPB-UHFFFAOYSA-N,0.024252599999999999,-0.04970521
HFZKOYWDLDYELC-UHFFFAOYSA-N,0.03655779,-0.069317859999999995
RXYPXQSKLGGKOL-UHFFFAOYSA-N,0.012028789999999999,-0.057304819999999999
BGTOWKSIORTVQH-UHFFFAOYSA-N,0.018423789999999999,-0.046038610000000001
MARUHZGHZWCEQU-UHFFFAOYSA-N,0.053824190000000001,-0.041750460000000003
FUNXVDFRBZQHKX-UHFFFAOYSA-N,0.040043809999999999,-0.055699199999999997
JLTDJTHDQAWBAV-UHFFFAOYSA-N,0.02752512,-0.054677070000000001
MIHJCLQINRFOLX-UHFFFAOYSA-N,0.067490400000000006,-0.062611819999999999
GGYVTHJIUNGKFZ-UHFFFAOYSA-N,0.023066110000000001,-0.057782239999999999
BWHOZHOGCMHOBV-BQYQJAHWSA-N,0.034761510000000002,-0.046147390000000003
ATHHXGZTWNVVOU-UHFFFAOYSA-N,0.042942710000000002,-0.050104080000000002
AHJWSRRHTXRLAQ-UHFFFAOYSA-N,0.014798520000000001,-0.051407979999999999
HHAISVSEJFEWBZ-UHFFFAOYSA-N,0.040475369999999997,-0.033522370000000003
YSTPAHQEHQSRJD-VIFPVBQESA-N,0.026227009999999999,-0.05338155
YOJAHJGBFDPSDI-UHFFFAOYSA-N,0.035015110000000002,-0.055632260000000003
SWFHGTMLYIBPPA-UHFFFAOYSA-N,0.029354100000000001,-0.058325559999999999
JIRGTCBOQAJBHY-UHFFFAOYSA-N,0.027005020000000001,-0.07006946
OZKOMUDCMCEDTM-UHFFFAOYSA-N,0.035188190000000001,-0.03736482
SRPCLECGIYMIMN-CSKARUKUSA-N,0.02845605,-0.062400249999999997
ZAFNJMIOTHYJRJ-UHFFFAOYSA-N,0.011892939999999999,-0.049145050000000003
GCDVQIPVANUWJO-UHFFFAOYSA-N,0.039362790000000002,-0.064255469999999995
NTPLXRHDUXRPNE-UHFFFAOYSA-N,0.029372599999999999,-0.047203099999999998
STSCVKRWJPWALQ-UHFFFAOYSA-N,0.0285235,-0.033744179999999999
QWVGKYWNOKOFNN-UHFFFAOYSA-N,0.036510859999999999,-0.03883839
XQAACMFZWHCPPN-UHFFFAOYSA-N,0.033017280000000003,-0.067492099999999999
JVZRCNQLWOELDU-UHFFFAOYSA-N,0.022812929999999999,-0.047711759999999999
MTPBUCCXRGSDCR-UHFFFAOYSA-N,0.02783126,-0.054142179999999998
ZMANZCXQSJIPKH-UHFFFAOYSA-N,0.01541872,-0.057871100000000002
GAEKPEKOJKCEMS-BYPYZUCNSA-N,0.02697066,-0.062449249999999998
CGHIBGNXEGJPQZ-UHFFFAOYSA-N,0.021510809999999998,-0.039276709999999999
QRPMWVNREKTPOV-UHFFFAOYSA-N,0.024085180000000001,-0.051998059999999999
GPRYKVSEZCQIHD-UHFFFAOYSA-N,0.042331880000000002,-0.049547899999999999
AKODNVGCZKBUNT-UHFFFAOYSA-N,0.035867349999999999,-0.063604480000000005
KYVIFDXEMABEDB-UHFFFAOYSA-N,0.023215679999999999,-0.055268490000000003
ODAJDDMWMREWGL-UHFFFAOYSA-N,0.047480799999999997,-0.018443600000000001
XXROGKLTLUQVRX-UHFFFAOYSA-N,0.027348290000000001,-0.047260549999999998
SUAKHGWARZSWIH-UHFFFAOYSA-N,0.030991459999999998,-0.052864130000000002
JKANAVGODYYCQF-UHFFFAOYSA-N,0.02707159,-0.042051739999999997
UQFQONCQIQEYPJ-UHFFFAOYSA-N,0.034271589999999998,-0.057591709999999997
KYQCOXFCLRTKLS-UHFFFAOYSA-N,0.028298460000000001,-0.034849449999999997
BUFHMXOHXTZRDH-UHFFFAOYSA-N,0.020187779999999999,-0.0577388
ZUTYZAFDFLLILI-QMMMGPOBSA-N,0.039051559999999999,-0.054172049999999999
PCNDJXKNXGMECE-UHFFFAOYSA-N,0.0257526,-0.036311870000000003
ZRSNZINYAWTAHE-UHFFFAOYSA-N,0.033876400000000001,-0.044464219999999999
JSDBKAHWADVXFU-UHFFFAOYSA-N,0.053761209999999997,-0.042058070000000003
XSAYZAUNJMRRIR-UHFFFAOYSA-N,0.029911569999999998,-0.043109399999999999
WMFABESKCHGSRC-UHFFFAOYSA-N,0.030071400000000002,-0.047109070000000003
PFYPDUUXDADWKC-UHFFFAOYSA-N,0.022206340000000001,-0.044287859999999998
PAFZNILMFXTMIY-UHFFFAOYSA-N,0.016786800000000001,-0.053549310000000003
DKLYDESVXZKCFI-UHFFFAOYSA-N,0.0308767,-0.062234930000000001
TZAJCDOWOPBMKD-UHFFFAOYSA-N,0.035658080000000002,-0.045280500000000001
YEJRWHAVMIAJKC-UHFFFAOYSA-N,0.028136009999999999,-0.059277860000000002
SBYHFKPVCBCYGV-UHFFFAOYSA-N,0.01018118,-0.054252389999999998
WZJYKHNJTSNBHV-UHFFFAOYSA-N,0.031621219999999998,-0.041142350000000001
ZCQWOFVYLHDMMC-UHFFFAOYSA-N,0.035228530000000001,-0.042793200000000003
NLPHXWGWBKZSJC-UHFFFAOYSA-N,0.040772790000000003,-0.033327219999999998
FQDXJYBXPOMIBX-UHFFFAOYSA-N,0.044500449999999997,-0.0342458
AWJUIBRHMBBTKR-UHFFFAOYSA-N,0.02821152,-0.04245931
WJYIASZWHGOTOU-UHFFFAOYSA-N,0.017430609999999999,-0.055395920000000001
VVBLNCFGVYUYGU-UHFFFAOYSA-N,0.031511450000000003,-0.066838599999999998
ZWXPDGCFMMFNRW-UHFFFAOYSA-N,0.021828719999999999,-0.058668659999999997
OOYRLFIIUVBZSY-UHFFFAOYSA-N,0.022835979999999999,-0.057397589999999998
BEZDDPMMPIDMGJ-UHFFFAOYSA-N,0.0149845,-0.05175399
XIAJQOBRHVKGSP-UHFFFAOYSA-N,0.01574656,-0.032532449999999997
BSKHPKMHTQYZBB-UHFFFAOYSA-N,0.023066059999999999,-0.046240120000000003
RHLIPLVNXYUJQV-UHFFFAOYSA-N,0.024347859999999999,-0.064872479999999996
OXHNLMTVIGZXSG-UHFFFAOYSA-N,0.029325799999999999,-0.070355849999999998
FJKIXWOMBXYWOQ-UHFFFAOYSA-N,0.02451016,-0.045732559999999998
SHQSVMDWKBRBGB-UHFFFAOYSA-N,0.020379919999999999,-0.04101047
POLCUAVZOMRGSN-UHFFFAOYSA-N,0.011172400000000001,-0.047687519999999997
XZNOAVNRSFURIR-UHFFFAOYSA-N,0.042560010000000002,-0.017137940000000001
ASSKVPFEZFQQNQ-UHFFFAOYSA-N,0.044487140000000001,-0.041375519999999999
JJYPMNFTHPTTDI-UHFFFAOYSA-N,0.0311425,-0.051482199999999999
PHWSCBWNPZDYRI-UHFFFAOYSA-N,0.033707149999999998,-0.058802680000000003
KXKVLQRXCPHEJC-UHFFFAOYSA-N,0.024925240000000001,-0.044429969999999999
FJDUDHYHRVPMJZ-UHFFFAOYSA-N,0.01739247,-0.05582815
HZXRDAIBHPCJLE-UHFFFAOYSA-N,0.029787580000000001,-0.06014195
OAGOUCJGXNLJNL-UHFFFAOYSA-N,0.032082470000000002,-0.03967565
RIKMMFOAQPJVMX-UHFFFAOYSA-N,0.044679980000000001,-0.049148020000000001
JNELGWHKGNBSMD-UHFFFAOYSA-N,0.0281987,-0.040174660000000001
VHBFFQKBGNRLFZ-UHFFFAOYSA-N,0.029328489999999999,-0.048562260000000003
IZXIZTKNFFYFOF-UHFFFAOYSA-N,0.036296729999999999,-0.055056920000000002
QUSNBJAOOMFDIB-UHFFFAOYSA-N,0.016642199999999999,-0.05565817
SKMUIZHHMAPKIV-UHFFFAOYSA-N,0.019645570000000001,-0.066873970000000005
ICKWICRCANNIBI-UHFFFAOYSA-N,0.036664809999999999,-0.061717229999999998
XTAZYLNFDRKIHJ-UHFFFAOYSA-N,0.010184,-9.2122430000000008
BHHGXPLMPWCGHP-UHFFFAOYSA-N,0.02214143,-0.050513170000000003
DPJCXCZTLWNFOH-UHFFFAOYSA-N,0.05288557,-0.072362850000000006
PEEHTFAAVSWFBL-UHFFFAOYSA-N,0.03506915,-0.02613679
UPOSSYJVWXLPTA-UHFFFAOYSA-N,0.02961068,-0.045580700000000002
ZQWPRMPSCMSAJU-UHFFFAOYSA-N,0.018146949999999998,-0.0443174
RGUKYNXWOWSRET-UHFFFAOYSA-N,0.02590485,-0.055944389999999997
RDOXTESZEPMUJZ-UHFFFAOYSA-N,0.02473788,-0.058274840000000001
MTJVUMGKHCIMJL-UHFFFAOYSA-N,0.02808269,-0.055723210000000002
QJQAMHYHNCADNR-UHFFFAOYSA-N,0.038448620000000003,-0.051627949999999999
PBMFSQRYOILNGV-UHFFFAOYSA-N,0.03159957,-0.047879930000000001
VKYKSIONXSXAKP-UHFFFAOYSA-N,0.020468119999999999,-0.045957020000000001
ZTQSAGDEMFDKMZ-UHFFFAOYSA-N,0.030401589999999999,-0.04399496
XIFJZJPMHNUGRA-UHFFFAOYSA-N,0.052653350000000002,-0.077321059999999997
WPYMKLBDIGXBTP-UHFFFAOYSA-N,0.028228429999999999,-0.039402979999999997
FAXDZWQIWUSWJH-UHFFFAOYSA-N,0.015035919999999999,-0.054703990000000001
UHOVQNZJYSORNB-UHFFFAOYSA-N,0.016933050000000002,-0.034549280000000002
RLVGHTRVYWUWSH-UHFFFAOYSA-N,0.030412310000000001,-0.056713930000000003
CYFPVACSJLXVCA-UHFFFAOYSA-N,0.039922520000000003,-0.051971610000000001
WYURNTSHIVDZCO-UHFFFAOYSA-N,0.01497501,-0.04579217
UUIMDJFBHNDZOW-UHFFFAOYSA-N,0.02681555,-0.0544672
QVWDCTQRORVHHT-UHFFFAOYSA-N,0.034384940000000003,-0.046644739999999997
PPBRXRYQALVLMV-UHFFFAOYSA-N,0.02397233,-0.038832709999999999
VBZWSGALLODQNC-UHFFFAOYSA-N,0.020408900000000001,-0.012328270000000001
FHUDAMLDXFJHJE-UHFFFAOYSA-N,0.032517190000000001,-0.03154622
JLZWKZDHHREXTA-UHFFFAOYSA-N,0.033350379999999999,-0.057914350000000003
MTAODLNXWYIKSO-UHFFFAOYSA-N,0.029435280000000001,-0.046788150000000001
XUVKSPPGPPFPQN-UHFFFAOYSA-N,0.045989790000000003,-0.048676770000000001
RFFFKMOABOFIDF-UHFFFAOYSA-N,0.027403589999999999,-0.037765460000000001
PAYRUJLWNCNPSJ-UHFFFAOYSA-N,0.034215660000000002,-0.044743989999999997
MBTGBRYMJKYYOE-UHFFFAOYSA-N,0.035214990000000002,-0.048635579999999998
KIDHWZJUCRJVML-UHFFFAOYSA-N,0.018431599999999999,-0.052393149999999999
QDDLRYYYCREGPC-DTJXOCLSSA-N,0.01681235,-0.02750669
RGXUCUWVGKLACF-UHFFFAOYSA-N,0.02758853,-0.049337770000000003
LZDKZFUFMNSQCJ-UHFFFAOYSA-N,0.01386419,-0.044715159999999997
PAMIQIKDUOTOBW-UHFFFAOYSA-N,0.01085652,-0.059768719999999997
JAMNHZBIQDNHMM-UHFFFAOYSA-N,0.024907260000000001,-0.03886589
NCBZRJODKRCREW-UHFFFAOYSA-N,0.034325920000000003,-0.050548759999999998
VDFVNEFVBPFDSB-UHFFFAOYSA-N,0.019542250000000001,-0.067723439999999996
SECXISVLQFMRJM-UHFFFAOYSA-N,0.023163280000000001,-0.054813769999999998
BYEAHWXPCBROCE-UHFFFAOYSA-N,0.037559099999999998,-0.021219729999999999
RUOJZAUFBMNUDX-VKHMYHEASA-N,0.03445985,-0.045418109999999998
GMQVFHZSXKJCIV-UHFFFAOYSA-N,0.047722319999999999,-0.021120280000000002
OLBCVFGFOZPWHH-UHFFFAOYSA-N,0.03177605,-0.067379449999999994
OCGWWLDZAFOHGD-UHFFFAOYSA-N,0.038950150000000003,-0.045568659999999997
KWOLFJPFCHCOCG-UHFFFAOYSA-N,0.0307429,-0.04319311
CYSGHNMQYZDMIA-UHFFFAOYSA-N,0.02446535,-0.058594359999999998
SELYJABLPLKXOY-UHFFFAOYSA-N,0.024443320000000001,-0.051724729999999997
CTSZPNIMMLSKDV-UHFFFAOYSA-N,0.018329990000000001,-0.05279358
LFSAPCRASZRSKS-LURJTMIESA-N,0.020480729999999999,-0.047823240000000003
OEPRBXUJOQLYID-UHFFFAOYSA-N,0.015454499999999999,-0.025831690000000001
ZWAJLVLEBYIOTI-OLQVQODUSA-N,0.01541376,-0.043309510000000002
LFQSCWFLJHTTHZ-UHFFFAOYSA-N,0.024140950000000001,-0.04162631
ORPHOKOVVUFNKE-UHFFFAOYSA-N,0.032047529999999998,-0.062969419999999998
VAYTZRYEBVHVLE-UHFFFAOYSA-N,0.040728819999999999,-0.030283819999999999
PIICEJLVQHRZGT-UHFFFAOYSA-N,0.02165191,-0.053825119999999997
ZDPAWHACYDRYIW-UHFFFAOYSA-N,0.03573813,-0.039605670000000003
BBLDTXFLAHKYFJ-UHFFFAOYSA-N,0.01132829,-0.053743890000000002
XULIXFLCVXWHRF-UHFFFAOYSA-N,0.01790974,-0.056306750000000003
TZIHFWKZFHZASV-UHFFFAOYSA-N,0.035246010000000001,-0.039206610000000003
IMNDHOCGZLYMRO-UHFFFAOYSA-N,0.023291240000000001,-0.06930385
PDLCCNYKIIUWHA-UHFFFAOYSA-N,0.029090749999999999,-0.050220000000000001
NAQMVNRVTILPCV-UHFFFAOYSA-N,0.018046690000000001,-0.053159249999999998
VCYZVXRKYPKDQB-UHFFFAOYSA-N,0.023658459999999999,-0.04028843
JUJWROOIHBZHMG-UHFFFAOYSA-N,0.024074330000000001,-0.043175640000000001
JFDZBHWFFUWGJE-UHFFFAOYSA-N,0.029626079999999999,-0.03320095
FERIUCNNQQJTOY-UHFFFAOYSA-N,0.026255219999999999,-0.04066401
OOHAUGDGCWURIT-UHFFFAOYSA-N,0.0094759930000000003,-0.059747160000000001
FDQQNNZKEJIHMS-UHFFFAOYSA-N,0.033207540000000001,-0.046816730000000001
DSSYKIVIOFKYAU-XCBNKYQSSA-N,0.020545899999999999,-0.048296430000000001
CODXZFSZJFCVBE-UHFFFAOYSA-N,0.032794219999999999,-0.051744209999999999
QJUBWCXHSCFIHV-UHFFFAOYSA-N,0.023632790000000001,-0.050129819999999999
QKPVEISEHYYHRH-UHFFFAOYSA-N,0.033043740000000002,-0.036464120000000003
BKZXZGWHTRCFPX-UHFFFAOYSA-N,0.032369009999999997,-0.043932329999999999
AUFIRGPROMANKW-UHFFFAOYSA-N,0.01286442,-0.061869830000000001
RNVCVTLRINQCPJ-UHFFFAOYSA-N,0.031942770000000002,-0.052992709999999998
ICSNLGPSRYBMBD-UHFFFAOYSA-N,0.036711130000000002,-0.044790530000000002
QWPYVYJPIHGYGX-RZIOALPKSA-N,0.030245500000000002,-0.057711430000000001
CGZZMOTZOONQIA-UHFFFAOYSA-N,0.022953439999999999,-0.048721920000000002
ASUDFOJKTJLAIK-UHFFFAOYSA-N,0.01756978,-0.052629280000000001
YYVYAPXYZVYDHN-UHFFFAOYSA-N,0.046086740000000001,-0.060708980000000003
FCLOSAGZCUDMFV-UHFFFAOYSA-N,0.040738379999999998,-0.05633751
NCYVXEGFNDZQCU-UHFFFAOYSA-N,0.027211820000000001,-0.061089160000000003
JCMZZYSPSGHBNM-UHFFFAOYSA-N,0.032318689999999997,-0.05509095
SMBLCBJIVZBEPF-PEZBUJJGSA-N,0.02731799,-0.063009319999999994
SUDHEDJJFGYYPL-UHFFFAOYSA-N,0.023084529999999999,-0.053141670000000002
MSXIOWULDXZJLX-UHFFFAOYSA-N,0.030889070000000001,-0.051475029999999998
ZKKBIZXAEDFPNL-HWKANZROSA-N,0.03623353,-0.047563800000000003
OSOIQJGOYGSIMF-UHFFFAOYSA-N,0.02595631,-0.047465010000000002
DZBUGLKDJFMEHC-UHFFFAOYSA-N,0.029572870000000001,-0.041933329999999998
WDAXFOBOLVPGLV-UHFFFAOYSA-N,0.018520439999999999,-0.04515052
WEHWNAOGRSTTBQ-UHFFFAOYSA-N,0.014538570000000001,-0.056297079999999999
GOOHAUXETOMSMM-VKHMYHEASA-N,0.01895525,-0.042564789999999998
ONIHPYYWNBVMID-UHFFFAOYSA-N,0.022715249999999999,-0.03741568
AUQDITHEDVOTCU-UHFFFAOYSA-N,0.028520750000000001,-0.035585770000000003
UMIPWJGWASORKV-UHFFFAOYSA-N,0.02149386,-0.039305239999999998
SAPQIENQEZURNZ-UHFFFAOYSA-N,0.0502096,-0.038950779999999997
QZVQQUVWFIZUBQ-UHFFFAOYSA-N,0.03967934,-0.04144809
OYRRZWATULMEPF-UHFFFAOYSA-N,0.045630190000000001,-0.047381390000000002
MKGAYPNWSNNENI-UHFFFAOYSA-N,0.02759555,-0.051510920000000002
SNICXCGAKADSCV-JTQLQIEISA-N,0.023962979999999998,-0.052838959999999997
BWLUMTFWVZZZND-UHFFFAOYSA-N,0.02373457,-0.05667316
GBCKRQRXNXQQPW-UHFFFAOYSA-N,0.01912494,-0.068307950000000006
YNBADRVTZLEFNH-UHFFFAOYSA-N,0.030012819999999999,-0.037406179999999997
ATVJXMYDOSMEPO-UHFFFAOYSA-N,0.02270519,-0.042505130000000002
XWEFKJNJSVXMOD-UHFFFAOYSA-N,0.033598089999999997,-0.046442400000000002
BXRFQSNOROATLV-UHFFFAOYSA-N,0.049564110000000001,-0.051649720000000003
YQYGPGKTNQNXMH-UHFFFAOYSA-N,0.045008899999999998,-0.059046990000000001
RUFPHBVGCFYCNW-UHFFFAOYSA-N,0.037877040000000001,-0.049584049999999998
YXWJGZQOGXGSSC-UHFFFAOYSA-N,0.017114799999999999,-0.022938630000000002
JYMNQRQQBJIMCV-UHFFFAOYSA-N,0.043400790000000002,-0.045246509999999997
RDOWQLZANAYVLL-UHFFFAOYSA-N,0.038439250000000001,-0.040335139999999998
SJRJJKPEHAURKC-UHFFFAOYSA-N,0.014614449999999999,-0.05339199
XLYOFNOQVPJJNP-UHFFFAOYSA-N,0.032908390000000003,-0.037336260000000003
WGYKZJWCGVVSQN-UHFFFAOYSA-N,0.017377960000000001,-0.055289970000000001
LBUJPTNKIBCYBY-UHFFFAOYSA-N,0.028222009999999999,-0.053863359999999999
ZEFMBAFMCSYJOO-UHFFFAOYSA-N,0.063351210000000005,-0.06049649
BMVXCPBXGZKUPN-UHFFFAOYSA-N,0.017447549999999999,-0.055048399999999997
XQABVLBGNWBWIV-UHFFFAOYSA-N,0.028940569999999999,-0.046758090000000002
JWAZRIHNYRIHIV-UHFFFAOYSA-N,0.038803989999999997,-0.04277458
VIZNDSYPXQJMCM-UHFFFAOYSA-N,0.028227769999999999,-0.049278809999999999
UFWIBTONFRDIAS-UHFFFAOYSA-N,0.023428259999999999,-0.04152902
KYEACNNYFNZCST-UHFFFAOYSA-N,0.030121789999999999,-0.035097070000000001
UJOBWOGCFQCDNV-UHFFFAOYSA-N,0.04221486,-0.055408770000000003
AQEFLFZSWDEAIP-UHFFFAOYSA-N,0.016095600000000002,-0.048715939999999999
IKHGUXGNUITLKF-UHFFFAOYSA-N,0.027750730000000001,-0.04220931
HQABUPZFAYXKJW-UHFFFAOYSA-N,0.01752124,-0.054228030000000003
VJXRKZJMGVSXPX-UHFFFAOYSA-N,0.022735399999999999,-0.046881619999999999
REYJJPSVUYRZGE-UHFFFAOYSA-N,0.01685118,-0.02913464
OOWFYDWAMOKVSF-UHFFFAOYSA-N,0.022718789999999999,-0.03477363
FGWQRDGADJMULT-UHFFFAOYSA-N,0.027566009999999998,-0.054300500000000002
RPYZIZAINHSCRS-MSUUIHNZSA-N,0.016268919999999999,-0.053719669999999997
JWUJQDFVADABEY-RXMQYKEDSA-N,0.014640800000000001,-0.047639630000000002
KYVBNYUBXIEUFW-UHFFFAOYSA-N,0.018711990000000001,-0.055929590000000001
KAESVJOAVNADME-UHFFFAOYSA-N,0.043115220000000003,-0.063785599999999998
MHDVGSVTJDSBDK-UHFFFAOYSA-N,0.02195184,-0.05380393
XQQZRZQVBFHBHL-UHFFFAOYSA-N,0.023346490000000001,-0.037063470000000001
TXFPEBPIARQUIG-UHFFFAOYSA-N,0.045552130000000003,-0.044331700000000002
NKDDWNXOKDWJAK-UHFFFAOYSA-N,0.015302919999999999,-0.036880839999999998
WMQUKDQWMMOHSA-UHFFFAOYSA-N,0.038587759999999999,-0.036133539999999999
MYOHNZJKOAODMX-UHFFFAOYSA-N,0.027982340000000001,-0.065691509999999995
NXXYKOUNUYWIHA-UHFFFAOYSA-N,0.035552840000000002,-0.041699779999999999
OCGXPFSUJVHRHA-UHFFFAOYSA-N,0.030244279999999998,-0.07304911
VNXYDFNVQBICRO-UHFFFAOYSA-N,0.036446880000000001,-0.032803010000000001
DSWNRHCOGVRDOE-ONEGZZNKSA-N,0.025577369999999999,-0.053216739999999998
OKKJLVBELUTLKV-UHFFFAOYSA-N,0.025217739999999999,-0.038631169999999999
NWVVVBRKAWDGAB-UHFFFAOYSA-N,0.037118390000000001,-0.038846100000000001
ZSIAUFGUXNUGDI-UHFFFAOYSA-N,0.023395229999999999,-0.041774779999999997
HGCIXCUEYOPUTN-UHFFFAOYSA-N,0.0097320440000000005,-0.041846080000000001
KLSLBUSXWBJMEC-UHFFFAOYSA-N,0.035950919999999997,-0.05397619
SEEYREPSKCQBBF-UHFFFAOYSA-N,0.031993529999999999,-0.028000219999999999
WNXJIVFYUVYPPR-UHFFFAOYSA-N,0.021207699999999999,-0.039493510000000003
DULCUDSUACXJJC-UHFFFAOYSA-N,0.032018850000000001,-0.048159479999999998
LBKPGNUOUPTQKA-UHFFFAOYSA-N,0.042728049999999997,-0.042316470000000002
IKEHOXWJQXIQAG-UHFFFAOYSA-N,0.036338549999999997,-0.04360327
VAJCYQHLYBTSHG-UHFFFAOYSA-N,0.02384725,-0.05331868
RHQDFWAXVIIEBN-UHFFFAOYSA-N,0.03440812,-0.03776852
LSBIUXKNVUBKRI-UHFFFAOYSA-N,0.02667255,-0.045214379999999998
YBRBMKDOPFTVDT-UHFFFAOYSA-N,0.015434089999999999,-0.056513439999999998
HAPOVYFOVVWLRS-SSDOTTSWSA-N,0.030339749999999999,-0.036913319999999999
ZPTVNYMJQHSSEA-UHFFFAOYSA-N,0.035461020000000003,-0.067962709999999996
GETQZCLCWQTVFV-UHFFFAOYSA-N,0.010955319999999999,-0.057468140000000001
OGRAOKJKVGDSFR-UHFFFAOYSA-N,0.033480179999999998,-0.04675932
XTGOWLIKIQLYRG-UHFFFAOYSA-N,0.01459299,-0.03447969
ZOUYLAPTOZAWHX-UHFFFAOYSA-N,0.050508079999999997,-0.056336980000000002
XKVUYEYANWFIJX-UHFFFAOYSA-N,0.044866990000000002,-0.056625059999999998
UQXAGNCUOPPUJH-UHFFFAOYSA-N,0.05052512,-0.052251079999999998
NURQLCJSMXZBPC-UHFFFAOYSA-N,0.02404599,-0.048446139999999999
DACIGVIOAFXPHW-CDECOKDKSA-N,0.027645989999999999,-0.049206060000000003
FZERHIULMFGESH-UHFFFAOYSA-N,0.049045239999999997,-0.043704850000000003
QVSVMNXRLWSNGS-UHFFFAOYSA-N,0.028106349999999999,-0.045027869999999998
CFPIZMWTMRWZRO-UHFFFAOYSA-N,0.037166999999999999,-0.082273529999999997
LNDJVIYUJOJFSO-UHFFFAOYSA-N,0.04908672,-0.0255208
QGZKDVFQNNGYKY-UHFFFAOYSA-N,0.021530150000000001,-0.051931699999999997
SWIMPUZQSVMCCL-UHFFFAOYSA-N,0.034537199999999997,-0.07633558
JBTWLSYIZRCDFO-UHFFFAOYSA-N,0.023499010000000001,-0.043408210000000003
GVALSXYCLDABKT-UHFFFAOYSA-N,0.030891129999999999,-0.066676700000000005
ILVXOBCQQYKLDS-UHFFFAOYSA-N,0.031435949999999997,-0.04541398
LFSXCDWNBUNEEM-UHFFFAOYSA-N,0.037612100000000002,-0.050569759999999998
FRGXNJWEDDQLFH-UHFFFAOYSA-N,0.026742749999999999,-0.046781629999999998
KWKXNDCHNDYVRT-UHFFFAOYSA-N,0.01659836,-0.060064050000000001
KBEBGUQPQBELIU-CMDGGOBGSA-N,0.0299536,-0.044638740000000003
GXMIHVHJTLPVKL-UHFFFAOYSA-N,0.031739499999999997,-0.057918610000000002
FTAHXMZRJCZXDL-UHFFFAOYSA-N,0.017598389999999998,-0.062704499999999996
FHUODBDRWMIBQP-UHFFFAOYSA-N,0.029693939999999999,-0.046931689999999998
TUAMRELNJMMDMT-UHFFFAOYSA-N,0.035376959999999999,-0.04572735
NHEUXRXASLPKGO-UHFFFAOYSA-N,0.041369620000000003,-0.058178349999999997
BGJSXRVXTHVRSN-UHFFFAOYSA-N,0.022460770000000001,-0.078408679999999994
IWTFOFMTUOBLHG-UHFFFAOYSA-N,0.022033609999999999,-0.038882340000000001
VJNGGOMRUHYAMC-UHFFFAOYSA-N,0.035846080000000002,-0.040407289999999998
IVSZLXZYQVIEFR-UHFFFAOYSA-N,0.016394590000000001,-0.042331000000000001
ZSMRRZONCYIFNB-UHFFFAOYSA-N,0.042792620000000003,-0.056306080000000001
JIHQDMXYYFUGFV-UHFFFAOYSA-N,0.032339739999999999,-0.032973620000000002
HCIBTBXNLVOFER-UHFFFAOYSA-N,0.034407319999999998,-0.041758000000000003
KJPRLNWUNMBNBZ-QPJJXVBHSA-N,0.04007927,-0.043136069999999999
PPWNCLVNXGCGAF-UHFFFAOYSA-N,0.021221690000000001,-0.040801509999999999
BAPJBEWLBFYGME-UHFFFAOYSA-N,0.02763827,-0.04153453
NBBJYMSMWIIQGU-UHFFFAOYSA-N,0.026123960000000002,-0.043086970000000002
LSCYTCMNCWMCQE-UHFFFAOYSA-N,0.037105720000000002,-0.050373429999999997
NKTOLZVEWDHZMU-UHFFFAOYSA-N,0.035436450000000001,-0.04346328
WEEGYLXZBRQIMU-WAAGHKOSSA-N,0.01257483,-0.053967759999999997
MCSAJNNLRCFZED-UHFFFAOYSA-N,0.032552230000000001,-0.062998970000000001
HMNKTRSOROOSPP-UHFFFAOYSA-N,0.036682050000000001,-0.04131249
MBHINSULENHCMF-UHFFFAOYSA-N,0.03088018,-0.05590726
VHYFNPMBLIVWCW-UHFFFAOYSA-N,0.029607169999999999,-0.052252649999999998
WGQKYBSKWIADBV-UHFFFAOYSA-N,0.026899200000000002,-0.048223519999999999
YEEMHJNIVXNCSN-ALCCZGGFSA-N,0.046494109999999998,-0.053055739999999997
FGLBSLMDCBOPQK-UHFFFAOYSA-N,0.029268180000000001,-0.059204010000000001
PFCHFHIRKBAQGU-UHFFFAOYSA-N,0.026101360000000001,-0.046590069999999997
HCJXEOFLVIFFDG-UHFFFAOYSA-N,0.030063110000000001,-0.069911029999999999
QPJVMBTYPHYUOC-UHFFFAOYSA-N,0.026047460000000001,-0.041792799999999998
CTAPFRYPJLPFDF-UHFFFAOYSA-N,0.034307940000000002,-0.04074494
WBDSPWDNJYQQDT-UHFFFAOYSA-N,0.024487120000000001,-0.05420469
NRGGMCIBEHEAIL-UHFFFAOYSA-N,0.021097020000000001,-0.044593359999999999
YCOXTKKNXUZSKD-UHFFFAOYSA-N,0.034269069999999999,-0.043185330000000001
GXHHFMZALQKUFL-UHFFFAOYSA-N,0.030547120000000001,-0.053510589999999997
HPMLGNIUXVXALD-UHFFFAOYSA-N,0.032112839999999997,-0.050769349999999998
VJPAMLCBTIWAHI-UHFFFAOYSA-N,0.039231719999999998,-0.046019520000000001
GAZZTEJDUGESGQ-UHFFFAOYSA-N,0.042305000000000002,-0.061962419999999997
OSWPMRLSEDHDFF-UHFFFAOYSA-N,0.026796779999999999,-0.036152789999999997
ITQTTZVARXURQS-UHFFFAOYSA-N,0.024047860000000001,-0.044929990000000003
QMKKJBRRKIKWFK-UHFFFAOYSA-N,0.041100579999999998,-0.054085729999999999
QHPQWRBYOIRBIT-UHFFFAOYSA-N,0.03866315,-0.054599660000000001
BNUHAJGCKIQFGE-UHFFFAOYSA-N,0.041100079999999997,-0.069863339999999996
DAZXVJBJRMWXJP-UHFFFAOYSA-N,0.013994029999999999,-0.057171890000000003
WSJNYOVBJSOQST-UHFFFAOYSA-N,0.024362959999999999,-0.045258760000000002
QSJXEFYPDANLFS-UHFFFAOYSA-N,0.020384590000000001,-0.031388529999999998
WURBFLDFSFBTLW-UHFFFAOYSA-N,0.026916329999999999,-0.044233050000000003
BAVYZALUXZFZLV-UHFFFAOYSA-N,0.01785434,-0.05398563
VYHBFRJRBHMIQZ-UHFFFAOYSA-N,0.024223680000000001,-0.05708121
MHZGKXUYDGKKIU-UHFFFAOYSA-N,0.017308090000000002,-0.05584882
VFTFKUDGYRBSAL-UHFFFAOYSA-N,0.019338060000000001,-0.03698245
AJFDBNQQDYLMJN-UHFFFAOYSA-N,0.031300059999999998,-0.056669400000000002
WBJINCZRORDGAQ-UHFFFAOYSA-N,0.033655850000000001,-0.040425549999999998
AIMREYQYBFBEGQ-UHFFFAOYSA-N,0.02959788,-0.071358039999999998
NTDQQZYCCIDJRK-UHFFFAOYSA-N,0.038470539999999998,-0.055504829999999998
FDPIMTJIUBPUKL-UHFFFAOYSA-N,0.023215070000000001,-0.0466197
CUYKNJBYIJFRCU-UHFFFAOYSA-N,0.037700369999999997,-0.044343269999999997
BZLVMXJERCGZMT-UHFFFAOYSA-N,0.014515200000000001,-0.04528331
KIPSRYDSZQRPEA-UHFFFAOYSA-N,0.025584679999999999,-0.032389330000000001
UKROGNGFIXLRHI-UHFFFAOYSA-N,0.027112879999999999,-0.060495399999999998
KFZMGEQAYNKOFK-UHFFFAOYSA-N,0.023580480000000001,-0.045846579999999998
NUMQCACRALPSHD-UHFFFAOYSA-N,0.012778619999999999,-0.04759845
DXYPGMZJNUIZMU-UHFFFAOYSA-N,0.022076140000000001,-0.03103945
ODSXJQYJADZFJX-UHFFFAOYSA-N,0.055973469999999997,-0.02477391
WHTDCOSHHMXZNE-UHFFFAOYSA-N,0.018316909999999999,-0.046086580000000002
VQGHOUODWALEFC-UHFFFAOYSA-N,0.024787529999999999,-0.053021470000000001
QFHAGCRNENPASY-GQCTYLIASA-N,0.046970400000000002,-0.051318589999999997
CZPWVGJYEJSRLH-UHFFFAOYSA-N,0.029155710000000001,-0.038366699999999997
JNAKRDAEBSBJGO-UHFFFAOYSA-N,0.03087664,-0.053201859999999997
BTJIUGUIPKRLHP-UHFFFAOYSA-N,0.060336679999999997,-0.062150549999999999
ILBIXZPOMJFOJP-UHFFFAOYSA-N,0.023316940000000001,-0.061211710000000003
IUGYQRQAERSCNH-UHFFFAOYSA-N,0.023998419999999999,-0.044172040000000003
HHEIMYAXCOIQCJ-UHFFFAOYSA-N,0.01770731,-0.049293999999999998
LMTGCJANOQOGPI-UHFFFAOYSA-N,0.025515240000000002,-0.052150790000000002
RHMPLDJJXGPMEX-UHFFFAOYSA-N,0.044875480000000002,-0.030879750000000001
JITPLZPWKYUTDM-UHFFFAOYSA-N,0.03934286,-0.052430440000000002
VZXXYILNWWRSGE-OCAPTIKFSA-N,0.020063600000000001,-0.04495731
AGSPXMVUFBBBMO-UHFFFAOYSA-N,0.03390253,-0.04293433
CVQUWLDCFXOXEN-UHFFFAOYSA-N,0.04067457,-0.04666373
DCKVNWZUADLDEH-YFKPBYRVSA-N,0.022336350000000001,-0.047497379999999999
OHLUUHNLEMFGTQ-UHFFFAOYSA-N,0.041752570000000003,-0.053936650000000003
GCUVJAHASMTIRG-UHFFFAOYSA-N,0.027174690000000001,-0.054741739999999997
FMVJYQGSRWVMQV-UHFFFAOYSA-N,0.042633409999999997,-0.04574756
UIQGEWJEWJMQSL-UHFFFAOYSA-N,0.02263602,-0.048128839999999999
CTQNGGLPUBDAKN-UHFFFAOYSA-N,0.017773440000000001,-0.041038199999999997
SVYKKECYCPFKGB-UHFFFAOYSA-N,0.013540760000000001,-0.05752123
XACSJLKCXDEIPX-UHFFFAOYSA-N,0.03285188,-0.05631539
CSJAXRKDCCWCSJ-UHFFFAOYSA-N,0.049675450000000003,-0.056992649999999999
RWRDLPDLKQPQOW-UHFFFAOYSA-N,0.013325750000000001,-0.053642860000000001
YKYONYBAUNKHLG-UHFFFAOYSA-N,0.023194619999999999,-0.046253750000000003
YNPNZTXNASCQKK-UHFFFAOYSA-N,0.028979359999999999,-0.04218802
KRZCOLNOCZKSDF-UHFFFAOYSA-N,0.036291450000000003,-0.043720589999999997
KSMVZQYAVGTKIV-UHFFFAOYSA-N,0.028597810000000001,-0.043857359999999998
WJQWYAJTPPYORB-UHFFFAOYSA-N,0.048028630000000003,-0.073764430000000006
GJRQTCIYDGXPES-UHFFFAOYSA-N,0.024196209999999999,-0.047346850000000003
